day,hour_of_day,outdoor_temp_c,setpoint_c,humidity_pct,occupancy,refrigerant,load_kw,dew_point_c,evap_temp_c,frost_limited,cond_temp_c,critical_point_exceeded,cop,compressor_work_kwh
0,22,26.0,22.8,62.8,3,R32,1.3151,15.34,4.01,False,39.79,False,3.873,0.3395
0,23,25.41,21.6,53.5,3,R32,1.4797,11.75,0.46,False,41.44,False,3.339,0.4432
0,0,23.63,24.5,48.0,1,R32,0.15,12.77,22.36,False,25.04,False,8.0,0.0187
0,1,22.35,25.2,73.5,1,R32,0.15,20.12,23.06,False,23.76,False,8.0,0.0187
0,2,21.14,22.2,42.8,4,R32,0.6,8.95,13.63,False,26.76,False,8.0,0.075
0,3,22.19,23.3,45.8,4,R32,0.6,10.96,14.73,False,27.81,False,8.0,0.075
0,4,23.71,23.6,56.5,1,R32,0.1786,14.44,21.05,False,25.38,False,8.0,0.0223
0,5,22.36,22.6,54.6,1,R32,0.15,12.99,20.46,False,23.77,False,8.0,0.0187
1,22,25.48,22.6,47.8,3,R32,1.2285,10.97,5.05,False,38.16,False,4.202,0.2924
1,23,25.75,24.7,59.5,3,R32,0.7332,16.28,14.23,False,32.64,False,7.802,0.094
1,0,23.46,23.6,39.8,2,R32,0.3,9.13,19.31,False,26.28,False,8.0,0.0375
1,1,23.46,23.5,38.3,1,R32,0.15,8.47,21.36,False,24.87,False,8.0,0.0187
1,2,22.75,23.3,53.6,4,R32,0.6,13.35,14.73,False,28.38,False,8.0,0.075
1,3,21.96,23.4,74.7,4,R32,0.6,18.65,14.83,False,27.58,False,8.0,0.075
1,4,21.5,21.7,41.4,3,R32,0.45,8.01,15.27,False,25.72,False,8.0,0.0562
1,5,22.89,20.2,38.6,4,R32,1.3258,5.64,1.26,False,36.8,False,3.861,0.3434
2,22,26.6,24.4,44.9,3,R32,1.044,11.66,9.49,False,36.99,False,5.138,0.2032
2,23,24.59,22.7,69.0,1,R32,0.6603,16.72,13.27,False,30.78,False,8.0,0.0825
2,0,23.63,22.4,69.2,4,R32,0.933,16.48,9.07,False,32.71,False,5.97,0.1563
2,1,22.41,23.7,34.8,3,R32,0.45,7.24,17.27,False,26.63,False,8.0,0.0562
2,2,22.66,22.0,59.3,3,R32,0.6289,13.69,13.02,False,28.56,False,8.0,0.0786
2,3,23.2,22.1,59.0,4,R32,0.8965,13.71,9.29,False,31.86,False,6.257,0.1433
2,4,21.59,24.6,65.8,3,R32,0.45,17.78,18.17,False,25.81,False,8.0,0.0562
2,5,22.96,24.3,82.4,1,R32,0.15,21.11,22.16,False,24.36,False,8.0,0.0187
3,22,25.63,22.2,66.0,4,R32,1.5271,15.54,0.38,False,42.26,False,3.266,0.4675
3,23,25.11,22.4,38.2,2,R32,1.0318,7.45,7.66,False,35.41,False,5.06,0.2039
3,0,24.7,23.3,51.3,1,R32,0.5281,12.68,15.76,False,29.65,False,8.0,0.066
3,1,23.49,24.3,39.3,1,R32,0.15,9.57,22.16,False,24.89,False,8.0,0.0187
3,2,22.76,23.4,55.1,1,R32,0.15,13.87,21.26,False,24.17,False,8.0,0.0187
3,3,22.27,25.9,53.2,2,R32,0.3,15.64,21.61,False,25.08,False,8.0,0.0375
3,4,22.86,22.8,57.6,1,R32,0.1649,14.0,20.44,False,24.4,False,8.0,0.0206
3,5,21.87,22.0,53.2,2,R32,0.3,12.03,17.71,False,24.68,False,8.0,0.0375
4,22,25.11,23.0,55.7,2,R32,0.8684,13.66,10.59,False,33.51,False,6.191,0.1403
4,23,26.53,22.9,52.1,1,R32,1.1297,12.55,6.76,False,38.05,False,4.474,0.2525
4,0,23.67,22.4,59.1,4,R32,0.9429,14.02,8.93,False,32.86,False,5.894,0.16
4,1,23.22,21.9,57.0,4,R32,0.9553,12.99,8.25,False,32.55,False,5.791,0.165
4,2,23.2,21.6,71.8,2,R32,0.7308,16.29,11.16,False,30.1,False,7.507,0.0973
4,3,21.71,24.8,50.3,4,R32,0.6,13.76,16.23,False,27.33,False,8.0,0.075
4,4,22.42,24.4,75.5,3,R32,0.45,19.79,17.97,False,26.64,False,8.0,0.0562
4,5,23.74,24.3,62.3,4,R32,0.6,16.63,15.73,False,29.37,False,8.0,0.075
5,22,25.76,23.7,44.0,2,R32,0.8552,10.72,11.48,False,34.01,False,6.317,0.1354
5,23,26.12,23.7,66.1,1,R32,0.8028,16.99,12.23,False,33.82,False,6.61,0.1215
5,0,23.94,23.8,67.5,1,R32,0.1873,17.42,21.12,False,25.69,False,8.0,0.0234
5,1,23.67,20.4,56.4,1,R32,1.0338,11.43,5.63,False,34.04,False,4.906,0.2107
5,2,23.01,24.2,40.2,4,R32,0.6,9.82,15.63,False,28.64,False,8.0,0.075
5,3,21.9,23.2,56.3,2,R32,0.3,14.02,18.91,False,24.71,False,8.0,0.0375
5,4,23.23,24.8,57.7,3,R32,0.45,15.89,18.37,False,27.45,False,8.0,0.0562
5,5,23.87,23.9,53.0,1,R32,0.15,13.74,21.76,False,25.27,False,8.0,0.0187
6,22,27.65,23.7,40.7,1,R32,1.2165,9.55,6.32,False,40.25,False,4.118,0.2954
6,23,25.72,23.0,50.4,4,R32,1.3341,12.14,3.94,False,39.71,False,3.874,0.3444
6,0,24.75,24.9,60.1,1,R32,0.15,16.63,22.76,False,26.16,False,8.0,0.0187
6,1,24.06,24.0,91.7,2,R32,0.3159,22.56,19.49,False,27.02,False,8.0,0.0395
6,2,22.46,21.8,54.1,2,R32,0.4786,12.1,14.96,False,26.95,False,8.0,0.0598
6,3,23.03,22.8,65.5,1,R32,0.212,15.99,19.77,False,25.02,False,8.0,0.0265
6,4,24.64,23.1,38.1,1,R32,0.5647,8.04,15.03,False,29.93,False,8.0,0.0706
6,5,23.47,26.0,54.6,4,R32,0.6,16.14,17.43,False,29.1,False,8.0,0.075
7,22,26.03,23.7,52.3,1,R32,0.7778,13.35,12.59,False,33.45,False,6.848,0.1136
7,23,25.89,22.8,59.1,2,R32,1.1343,14.39,6.6,False,37.43,False,4.537,0.25
7,0,24.15,24.2,67.5,4,R32,0.6,17.8,15.63,False,29.78,False,8.0,0.075
7,1,23.43,20.0,51.8,2,R32,1.2251,9.78,2.5,False,36.13,False,4.099,0.2989
7,2,23.24,23.6,44.4,4,R32,0.6,10.77,15.03,False,28.86,False,8.0,0.075
7,3,23.05,21.3,71.7,3,R32,0.9236,15.98,8.11,False,32.06,False,5.871,0.1573
7,4,23.77,23.1,65.5,3,R32,0.63,16.28,14.1,False,29.67,False,8.0,0.0787
7,5,24.27,23.7,76.3,2,R32,0.4542,19.28,17.21,False,28.53,False,8.0,0.0568
8,22,27.11,23.8,61.2,1,R32,1.0446,15.88,8.88,False,37.59,False,4.911,0.2127
8,23,27.91,22.2,53.5,3,R32,1.9917,12.3,12.3,True,48.74,False,3.917,0.5085
8,0,23.87,20.7,57.0,2,R32,1.1562,11.87,4.18,False,35.7,False,4.4,0.2628
8,1,23.25,21.6,49.5,2,R32,0.7467,10.58,10.93,False,30.33,False,7.324,0.102
8,2,23.68,20.6,49.3,4,R32,1.4317,9.6,0.15,False,39.0,False,3.517,0.4071
8,3,23.75,24.4,48.9,4,R32,0.6,12.96,15.83,False,29.38,False,8.0,0.075
8,4,23.6,21.1,83.7,3,R32,1.1246,18.23,5.03,False,34.99,False,4.644,0.2422
8,5,24.87,22.8,49.2,3,R32,1.01,11.59,8.37,False,34.88,False,5.311,0.1902
9,22,26.46,22.8,61.1,1,R32,1.1395,14.91,6.52,False,38.11,False,4.427,0.2574
9,23,26.25,20.7,50.9,2,R32,1.7996,10.17,10.17,True,44.93,False,4.075,0.4416
9,0,25.27,24.9,59.5,2,R32,0.3989,16.47,19.2,False,29.01,False,8.0,0.0499
9,1,24.9,21.2,57.7,2,R32,1.2977,12.53,2.66,False,38.52,False,3.846,0.3374
9,2,23.67,24.2,43.9,4,R32,0.6,11.14,15.63,False,29.3,False,8.0,0.075
9,3,23.2,22.2,68.2,2,R32,0.5697,16.06,14.06,False,28.54,False,8.0,0.0712
9,4,22.21,21.0,73.5,2,R32,0.6261,16.08,12.06,False,28.08,False,8.0,0.0783
9,5,24.7,23.0,64.1,4,R32,1.0585,15.85,7.88,False,35.24,False,5.136,0.2061
10,22,26.49,23.7,57.4,1,R32,0.9026,14.78,10.81,False,35.31,False,5.795,0.1558
10,23,25.51,23.5,66.1,4,R32,1.1428,16.8,7.17,False,37.06,False,4.689,0.2437
10,0,23.7,24.9,47.6,3,R32,0.45,13.0,18.47,False,27.92,False,8.0,0.0562
10,1,25.31,23.7,68.6,1,R32,0.5839,17.58,15.36,False,30.78,False,8.0,0.073
10,2,23.71,22.1,52.5,2,R32,0.7345,11.93,11.61,False,30.65,False,7.477,0.0982
10,3,23.07,21.3,70.4,3,R32,0.9291,15.69,8.03,False,32.15,False,5.829,0.1594
10,4,23.17,22.5,66.4,1,R32,0.3302,15.92,17.78,False,26.26,False,8.0,0.0413
10,5,24.91,22.9,48.9,1,R32,0.6932,11.58,13.0,False,31.43,False,7.761,0.0893
11,22,26.71,22.2,64.0,1,R32,1.3689,15.06,2.64,False,41.32,False,3.565,0.3839
11,23,26.37,22.1,59.6,1,R32,1.3034,13.87,3.48,False,40.11,False,3.776,0.3452
11,0,24.57,24.7,73.6,1,R32,0.15,19.66,22.56,False,25.98,False,8.0,0.0187
11,1,23.91,22.1,38.9,1,R32,0.6392,7.45,12.97,False,29.9,False,8.0,0.0799
11,2,24.46,23.0,63.2,1,R32,0.5441,15.62,15.23,False,29.56,False,8.0,0.068
11,3,23.32,22.4,66.8,4,R32,0.8483,15.92,10.28,False,31.44,False,6.696,0.1267
11,4,24.82,24.6,33.5,1,R32,0.2104,7.47,21.59,False,26.8,False,8.0,0.0263
11,5,23.91,20.8,58.2,1,R32,0.9891,12.28,6.67,False,33.74,False,5.168,0.1914
12,22,27.72,23.9,54.9,3,R32,1.4817,14.28,2.73,False,43.74,False,3.364,0.4405
12,23,25.6,23.5,75.1,3,R32,1.0177,18.83,8.96,False,35.69,False,5.277,0.1928
12,0,25.47,25.0,49.8,2,R32,0.4279,13.79,18.89,False,29.48,False,8.0,0.0535
12,1,24.43,20.6,55.9,4,R32,1.6349,11.48,11.48,True,40.87,False,4.843,0.3376
12,2,22.94,20.9,46.4,1,R32,0.7014,8.97,10.88,False,29.56,False,7.604,0.0922
12,3,23.51,25.2,44.4,2,R32,0.3,12.21,20.91,False,26.33,False,8.0,0.0375
12,4,23.63,23.0,46.8,4,R32,0.77,11.01,12.0,False,30.9,False,7.544,0.1021
12,5,24.28,24.0,61.4,3,R32,0.5261,16.12,16.48,False,29.21,False,8.0,0.0658
13,22,27.79,25.3,53.7,1,R32,0.8231,15.23,13.54,False,35.71,False,6.465,0.1273
13,23,26.52,23.1,44.9,1,R32,1.0724,10.48,7.78,False,37.33,False,4.753,0.2256
13,0,25.28,24.5,60.7,2,R32,0.511,16.41,17.2,False,30.07,False,8.0,0.0639
13,1,24.48,22.3,48.3,3,R32,1.038,10.85,7.47,False,34.81,False,5.132,0.2023
13,2,25.24,21.8,65.5,1,R32,1.0782,15.04,6.4,False,36.13,False,4.7,0.2294
13,3,23.89,22.8,47.8,4,R32,0.8931,11.15,10.04,False,32.51,False,6.303,0.1417
13,4,23.07,24.2,53.1,2,R32,0.3,14.04,19.91,False,25.89,False,8.0,0.0375
13,5,23.63,21.9,44.5,1,R32,0.6177,9.26,13.08,False,29.42,False,8.0,0.0772
14,22,27.82,25.8,66.4,4,R32,1.1455,19.06,9.44,False,39.39,False,4.717,0.2428
14,23,26.06,22.0,50.2,3,R32,1.5471,11.15,11.15,True,41.73,False,4.65,0.3327
14,0,25.82,25.2,63.4,2,R32,0.4671,17.75,18.53,False,30.2,False,8.0,0.0584
14,1,24.5,21.2,57.3,4,R32,1.491,12.42,12.42,True,39.26,False,5.32,0.2803
14,2,24.79,22.3,34.4,2,R32,0.9716,5.84,8.42,False,34.38,False,5.424,0.1791
14,3,24.72,23.4,69.8,1,R32,0.5069,17.57,16.16,False,29.47,False,8.0,0.0634
14,4,22.61,21.6,53.7,2,R32,0.5723,11.81,13.42,False,27.97,False,8.0,0.0715
14,5,24.55,23.5,77.9,1,R32,0.4324,19.42,17.32,False,28.6,False,8.0,0.0541
15,22,27.75,23.1,49.6,2,R32,1.556,11.98,0.87,False,44.88,False,3.113,0.4998
15,23,26.92,22.0,45.7,1,R32,1.4775,9.75,0.89,False,43.01,False,3.253,0.4542
15,0,24.69,23.8,67.7,4,R32,0.8393,17.47,11.81,False,32.71,False,6.819,0.1231
15,1,25.64,20.0,51.8,3,R32,1.9721,9.78,9.78,True,46.32,False,3.872,0.5093
15,2,24.92,23.1,79.7,2,R32,0.7916,19.4,11.79,False,32.48,False,6.888,0.1149
15,3,25.1,23.6,71.1,3,R32,0.8539,18.05,11.4,False,33.31,False,6.495,0.1315
15,4,25.11,24.3,49.8,4,R32,0.8178,13.15,12.62,False,32.89,False,7.049,0.116
15,5,24.51,23.1,57.9,2,R32,0.68,14.36,13.39,False,30.88,False,8.0,0.085
16,22,27.17,20.0,51.8,2,R32,2.2363,9.78,9.78,True,51.27,False,3.41,0.6559
16,23,27.11,24.3,53.8,2,R32,1.0577,14.34,9.19,False,37.7,False,4.952,0.2136
16,0,26.23,23.5,54.8,4,R32,1.3368,13.88,4.4,False,40.25,False,3.872,0.3453
16,1,25.32,20.7,69.5,2,R32,1.5483,14.92,14.92,True,40.52,False,5.626,0.2752
16,2,23.56,24.0,59.4,4,R32,0.6,15.6,15.43,False,29.19,False,8.0,0.075
16,3,23.61,21.9,75.1,4,R32,1.0622,17.29,6.73,False,34.2,False,5.093,0.2085
16,4,25.58,22.5,49.6,3,R32,1.2814,11.43,4.19,False,38.93,False,3.992,0.321
16,5,24.56,22.2,67.5,2,R32,0.9372,15.89,8.81,False,33.75,False,5.652,0.1658
17,22,27.95,21.4,48.4,2,R32,2.0684,10.06,10.06,True,50.05,False,3.54,0.5843
17,23,26.09,21.2,41.1,2,R32,1.6201,7.45,7.45,True,43.01,False,3.946,0.4106
17,0,26.08,24.8,65.2,1,R32,0.4959,17.82,17.72,False,30.73,False,8.0,0.062
17,1,24.61,23.3,55.4,3,R32,0.8025,13.86,11.84,False,32.25,False,6.98,0.115
17,2,24.31,20.0,36.8,4,R32,1.7646,4.78,4.78,True,43.07,False,3.629,0.4862
17,3,25.13,22.6,56.5,3,R32,1.1326,13.51,6.42,False,36.6,False,4.631,0.2445
17,4,24.99,21.5,55.3,3,R32,1.392,12.16,1.61,False,39.82,False,3.596,0.3871
17,5,25.56,21.2,35.1,4,R32,1.7769,5.16,5.16,True,44.56,False,3.532,0.5031
18,22,27.69,20.9,47.2,4,R32,2.4337,9.22,9.22,True,54.47,False,3.12,0.78
18,23,26.29,21.9,40.7,1,R32,1.3354,7.94,2.82,False,40.45,False,3.667,0.3642
18,0,26.54,24.0,44.5,3,R32,1.135,11.16,7.79,False,38.03,False,4.644,0.2444
18,1,25.11,23.6,74.8,4,R32,1.007,18.86,9.21,False,35.03,False,5.468,0.1841
18,2,23.99,22.7,44.5,2,R32,0.6476,9.98,13.45,False,30.06,False,8.0,0.0809
18,3,23.61,20.9,62.1,3,R32,1.1816,13.37,4.02,False,35.71,False,4.373,0.2702
18,4,24.63,23.2,50.7,2,R32,0.6851,12.41,13.41,False,31.05,False,8.0,0.0856
18,5,24.97,22.7,27.7,2,R32,0.9119,3.09,9.67,False,33.86,False,5.846,0.156
19,22,27.92,21.7,55.6,4,R32,2.2796,12.43,12.43,True,52.21,False,3.589,0.6351
19,23,26.57,23.3,65.9,3,R32,1.3333,16.56,4.25,False,40.59,False,3.817,0.3493
19,0,26.18,23.4,46.3,3,R32,1.1998,11.22,6.26,False,38.48,False,4.336,0.2767
19,1,24.92,23.8,65.0,3,R32,0.7525,16.82,13.05,False,32.02,False,7.542,0.0998
19,2,23.74,23.8,47.0,2,R32,0.3,11.81,19.51,False,26.55,False,8.0,0.0375
19,3,24.91,21.6,62.7,4,R32,1.4944,14.18,0.25,False,41.09,False,3.348,0.4464
19,4,24.47,22.5,36.7,1,R32,0.6806,6.96,12.78,False,30.85,False,7.908,0.0861
19,5,25.72,24.1,55.1,1,R32,0.587,14.52,15.71,False,31.22,False,8.0,0.0734
20,22,28.01,23.1,44.7,3,R32,1.777,10.41,10.41,True,46.6,False,3.918,0.4536
20,23,26.97,20.9,57.8,4,R32,2.2388,12.27,12.27,True,50.64,False,3.719,0.6019
20,0,25.8,24.1,68.3,3,R32,0.9099,17.89,11.1,False,34.64,False,6.037,0.1507
20,1,25.83,26.0,47.7,3,R32,0.45,14.04,19.57,False,30.05,False,8.0,0.0562
20,2,25.22,22.7,59.5,1,R32,0.8295,14.4,10.85,False,33.22,False,6.348,0.1307
20,3,24.34,22.2,40.1,1,R32,0.7272,7.99,11.81,False,31.22,False,7.34,0.0991
20,4,25.16,25.4,53.6,1,R32,0.15,15.3,23.26,False,26.57,False,8.0,0.0187
20,5,25.44,24.1,62.7,3,R32,0.8113,16.54,12.51,False,33.18,False,6.911,0.1174
21,22,28.77,22.4,58.5,4,R32,2.3204,13.86,13.86,True,53.44,False,3.625,0.64
21,23,28.57,24.2,34.5,2,R32,1.4812,7.55,3.04,False,44.64,False,3.32,0.4461
21,0,26.14,25.0,46.9,2,R32,0.6088,12.87,16.3,False,31.85,False,8.0,0.0761
21,1,24.16,20.0,73.1,1,R32,1.2735,15.03,1.81,False,37.53,False,3.848,0.3309
21,2,25.2,22.7,65.0,4,R32,1.2739,15.78,4.5,False,38.4,False,4.095,0.3111
21,3,23.5,23.4,36.6,2,R32,0.3277,7.71,18.72,False,26.58,False,8.0,0.041
21,4,25.1,23.9,44.5,3,R32,0.7737,11.07,12.85,False,32.43,False,7.302,0.106
21,5,25.26,23.0,67.7,2,R32,0.9099,16.7,10.0,False,34.13,False,5.866,0.1551
22,22,28.77,23.4,49.5,1,R32,1.6007,12.23,0.53,False,46.6,False,2.97,0.5389
22,23,26.95,22.3,59.7,4,R32,1.8549,14.08,14.08,True,45.82,False,4.524,0.41
22,0,27.33,23.6,50.8,2,R32,1.3066,12.81,4.93,False,41.04,False,3.851,0.3393
22,1,26.13,20.0,63.1,1,R32,1.8038,12.76,12.76,True,44.49,False,4.505,0.4004
22,2,24.97,21.5,49.7,3,R32,1.3859,10.54,1.7,False,39.71,False,3.616,0.3833
22,3,25.18,25.1,49.3,3,R32,0.4727,13.73,18.35,False,29.62,False,8.0,0.0591
22,4,25.96,24.5,35.4,1,R32,0.5441,8.2,16.73,False,31.06,False,8.0,0.068
22,5,25.8,21.2,46.8,3,R32,1.691,9.37,9.37,True,43.27,False,4.167,0.4058
23,22,29.18,22.9,58.4,2,R32,1.9966,14.3,14.3,True,49.95,False,4.032,0.4952
23,23,26.91,22.6,49.7,4,R32,1.7637,11.56,11.56,True,45.07,False,4.248,0.4152
23,0,27.62,23.9,57.6,2,R32,1.3041,15.02,5.27,False,41.3,False,3.864,0.3375
23,1,26.02,22.1,70.6,1,R32,1.2085,16.5,4.84,False,38.53,False,4.125,0.293
23,2,26.21,22.2,43.1,1,R32,1.2331,9.05,4.58,False,39.04,False,4.031,0.3059
23,3,25.01,22.4,49.9,3,R32,1.1547,11.43,5.9,False,36.76,False,4.522,0.2553
23,4,26.78,23.8,47.9,1,R32,0.9543,12.1,10.17,False,36.19,False,5.443,0.1753
23,5,25.68,23.9,47.4,2,R32,0.7793,12.03,12.77,False,33.09,False,7.034,0.1108
24,22,28.31,20.5,64.9,2,R32,2.4088,13.67,13.67,True,54.03,False,3.553,0.678
24,23,27.76,20.7,21.6,3,R32,2.3551,-2.05,1.0,True,55.13,False,2.532,0.93
24,0,25.77,22.6,41.5,4,R32,1.4572,8.85,1.78,False,41.42,False,3.468,0.4201
24,1,25.79,21.2,58.3,1,R32,1.3899,12.68,1.34,False,40.7,False,3.488,0.3985
24,2,25.24,24.0,77.2,4,R32,0.9358,19.76,10.63,False,34.35,False,5.983,0.1564
24,3,25.89,23.1,37.2,1,R32,0.9027,7.69,10.2,False,34.71,False,5.781,0.1562
24,4,24.9,22.8,55.0,1,R32,0.7178,13.28,12.55,False,31.69,False,7.464,0.0962
24,5,25.98,21.7,35.7,3,R32,1.6047,5.85,5.85,True,42.9,False,3.765,0.4263
25,22,29.16,22.8,48.1,1,R32,1.8678,11.24,11.24,True,48.84,False,3.782,0.4939
25,23,27.51,24.6,50.3,3,R32,1.2355,13.58,6.95,False,40.25,False,4.205,0.2938
25,0,27.64,20.0,30.1,2,R32,2.3615,1.93,1.93,True,54.89,False,2.597,0.9094
25,1,25.26,22.5,57.9,4,R32,1.346,13.79,3.27,False,39.41,False,3.824,0.352
25,2,24.66,21.8,41.7,3,R32,1.2231,8.21,4.33,False,37.28,False,4.211,0.2905
25,3,26.39,22.6,67.3,1,R32,1.173,16.23,5.84,False,38.45,False,4.278,0.2742
25,4,25.09,21.9,56.2,3,R32,1.31,12.78,3.19,False,38.82,False,3.878,0.3378
25,5,25.93,23.2,66.7,4,R32,1.3369,16.66,4.1,False,39.95,False,3.867,0.3457
26,22,29.02,22.4,63.5,3,R32,2.2385,15.13,15.13,True,52.52,False,3.856,0.5806
26,23,28.23,22.6,42.3,3,R32,1.9698,9.14,9.14,True,49.32,False,3.513,0.5607
26,0,25.92,25.6,40.1,2,R32,0.3877,11.03,20.06,False,29.56,False,8.0,0.0485
26,1,25.64,22.5,53.8,4,R32,1.4484,12.67,1.81,False,41.17,False,3.493,0.4147
26,2,24.86,25.6,30.0,4,R32,0.6,6.73,17.03,False,30.49,False,8.0,0.075
26,3,26.48,22.5,58.1,2,R32,1.3746,13.85,2.86,False,41.11,False,3.608,0.381
26,4,26.22,23.0,51.0,3,R32,1.3182,12.32,4.17,False,40.04,False,3.865,0.3411
26,5,26.94,25.6,56.1,2,R32,0.6617,16.2,16.15,False,33.14,False,8.0,0.0827
27,22,28.48,24.1,57.1,4,R32,1.7834,15.07,15.07,True,46.59,False,4.572,0.3901
27,23,27.98,24.7,68.8,2,R32,1.1844,18.58,7.78,False,40.12,False,4.344,0.2727
27,0,26.07,23.8,79.1,2,R32,0.9136,19.96,10.75,False,34.99,False,5.857,0.156
27,1,26.69,22.2,58.8,2,R32,1.5113,13.75,0.61,False,43.2,False,3.214,0.4702
27,2,25.91,24.5,75.0,3,R32,0.8307,19.78,12.63,False,33.86,False,6.732,0.1234
27,3,26.19,24.8,58.1,1,R32,0.5265,16.0,17.28,False,31.13,False,8.0,0.0658
27,4,25.99,20.0,50.8,4,R32,2.2163,9.49,9.49,True,49.71,False,3.514,0.6308
27,5,26.37,22.7,69.5,4,R32,1.5922,16.83,16.83,True,41.94,False,5.774,0.2757
28,22,28.83,24.6,43.6,3,R32,1.5918,11.4,1.86,False,46.39,False,3.088,0.5155
28,23,29.79,20.4,53.5,3,R32,2.9847,10.64,10.64,True,64.02,False,2.658,1.1229
28,0,27.54,20.7,54.9,1,R32,1.9961,11.3,11.3,True,48.52,False,3.821,0.5224
28,1,25.98,23.6,42.4,2,R32,0.9434,10.07,10.12,False,35.24,False,5.639,0.1673
28,2,25.86,25.7,47.5,3,R32,0.4926,13.7,18.66,False,30.48,False,8.0,0.0616
28,3,26.8,24.5,47.9,1,R32,0.7699,12.73,13.5,False,34.14,False,6.946,0.1108
28,4,25.09,22.7,67.8,4,R32,1.2445,16.44,4.92,False,37.92,False,4.213,0.2954
28,5,26.45,24.9,63.3,1,R32,0.5685,17.45,16.78,False,31.78,False,8.0,0.0711
29,22,30.04,23.7,54.2,3,R32,2.1608,13.89,13.89,True,52.94,False,3.676,0.5878
29,23,27.33,22.6,56.5,2,R32,1.578,13.51,0.06,False,44.79,False,3.054,0.5167
29,0,27.79,23.2,60.4,2,R32,1.5381,15.11,1.23,False,44.66,False,3.159,0.4869
29,1,26.37,25.0,50.7,3,R32,0.8204,14.07,13.28,False,34.21,False,6.844,0.1199
29,2,26.02,23.0,66.3,1,R32,0.9647,16.37,9.22,False,35.56,False,5.361,0.1799
29,3,25.52,21.1,72.0,4,R32,1.7935,15.85,15.85,True,43.31,False,5.264,0.3407
29,4,25.37,24.9,51.9,3,R32,0.5782,14.34,16.64,False,30.8,False,8.0,0.0723
29,5,26.58,23.3,71.7,2,R32,1.1858,17.9,6.36,False,38.75,False,4.314,0.2748
30,22,30.28,20.8,58.2,2,R32,2.8583,12.28,12.28,True,62.47,False,2.844,1.0052
30,23,28.98,21.4,26.5,2,R32,2.3477,1.35,1.35,True,56.39,False,2.494,0.9415
30,0,27.84,23.1,69.7,1,R32,1.4305,17.26,2.66,False,43.27,False,3.396,0.4213
30,1,26.21,23.0,48.3,4,R32,1.4667,11.49,2.05,False,41.98,False,3.446,0.4257
30,2,25.85,25.2,74.0,2,R32,0.4764,20.23,18.39,False,30.32,False,8.0,0.0595
30,3,25.64,23.0,53.4,4,R32,1.3119,13.02,4.26,False,39.33,False,3.955,0.3317
30,4,25.52,21.4,31.8,4,R32,1.7116,3.92,3.92,True,43.9,False,3.466,0.4938
30,5,25.9,22.0,64.6,4,R32,1.6518,15.02,15.02,True,42.26,False,5.289,0.3123
31,22,30.37,22.7,54.4,1,R32,2.2198,13.02,13.02,True,54.19,False,3.476,0.6386
31,23,28.97,22.8,47.1,1,R32,1.817,10.93,10.93,True,48.08,False,3.823,0.4752
31,0,28.23,25.4,36.2,2,R32,1.0652,9.32,10.18,False,38.91,False,4.931,0.216
31,1,26.78,22.4,53.8,2,R32,1.4836,12.58,1.21,False,42.9,False,3.29,0.451
31,2,25.86,24.8,72.0,2,R32,0.5855,19.41,16.44,False,31.35,False,8.0,0.0732
31,3,25.73,26.0,47.0,1,R32,0.15,13.81,23.86,False,27.13,False,8.0,0.0187
31,4,27.65,24.4,44.9,1,R32,1.0286,11.66,9.71,False,37.94,False,5.01,0.2053
31,5,26.84,20.8,46.4,1,R32,1.7803,8.88,8.88,True,45.53,False,3.847,0.4627
32,22,30.06,23.5,62.9,3,R32,2.2225,16.02,16.02,True,53.37,False,3.871,0.5741
32,23,29.89,21.6,44.8,2,R32,2.5392,9.09,9.09,True,58.46,False,2.858,0.8884
32,0,28.18,21.6,44.9,4,R32,2.3772,9.12,9.12,True,54.34,False,3.121,0.7617
32,1,26.85,23.1,67.4,3,R32,1.4631,16.73,2.2,False,42.62,False,3.406,0.4296
32,2,26.06,24.6,63.2,1,R32,0.5453,17.14,16.81,False,31.18,False,8.0,0.0682
32,3,27.3,23.2,75.8,4,R32,1.7057,18.69,18.69,True,43.97,False,5.772,0.2955
32,4,26.92,23.6,59.9,3,R32,1.3457,15.35,4.38,False,41.1,False,3.778,0.3562
32,5,27.29,23.5,47.4,4,R32,1.6223,11.66,0.32,False,45.25,False,3.044,0.533
33,22,29.91,23.2,69.5,3,R32,2.2616,17.31,17.31,True,53.45,False,4.019,0.5627
33,23,28.31,21.8,65.3,2,R32,2.0587,15.0,15.0,True,49.59,False,4.165,0.4943
33,0,28.26,20.8,55.3,3,R32,2.464,11.51,11.51,True,55.08,False,3.267,0.7543
33,1,27.03,22.7,57.3,3,R32,1.6185,13.82,13.82,True,43.29,False,4.87,0.3324
33,2,26.62,25.4,53.9,4,R32,0.9305,15.39,12.11,False,35.66,False,6.056,0.1536
33,3,26.47,23.8,46.6,2,R32,1.0213,11.68,9.21,False,36.64,False,5.148,0.1984
33,4,26.58,23.6,52.8,1,R32,0.9545,13.4,9.96,False,36.0,False,5.438,0.1755
33,5,26.73,24.1,66.7,2,R32,1.0104,17.52,9.67,False,36.76,False,5.218,0.1936
34,22,30.84,20.7,48.3,1,R32,2.8885,9.38,9.38,True,64.26,False,2.574,1.1221
34,23,29.15,22.1,53.0,1,R32,2.0524,12.07,12.07,True,50.91,False,3.672,0.5589
34,0,27.81,20.0,63.8,2,R32,2.4074,12.93,12.93,True,53.57,False,3.52,0.6839
34,1,27.74,22.8,40.3,4,R32,1.9331,8.6,8.6,True,48.4,False,3.54,0.5461
34,2,25.72,20.0,60.3,1,R32,1.6947,12.07,12.07,True,42.9,False,4.627,0.3663
34,3,26.12,24.3,49.1,3,R32,0.9409,12.93,10.86,False,35.31,False,5.808,0.162
34,4,27.26,25.0,52.3,1,R32,0.761,14.55,14.13,False,34.5,False,7.05,0.108
34,5,26.4,20.2,48.2,2,R32,1.9743,8.89,8.89,True,47.34,False,3.668,0.5382
35,22,30.09,23.5,40.0,3,R32,2.2306,9.12,9.12,True,54.68,False,3.097,0.7202
35,23,29.9,26.0,35.1,4,R32,1.653,9.39,2.39,False,48.26,False,3.003,0.5504
35,0,28.16,22.7,63.5,2,R32,1.7742,15.41,15.41,True,46.09,False,4.704,0.3772
35,1,27.64,22.4,55.3,1,R32,1.564,13.0,0.06,False,44.95,False,3.043,0.514
35,2,26.82,24.1,53.9,2,R32,1.0349,14.18,9.32,False,37.15,False,5.075,0.2039
35,3,27.4,25.5,73.0,4,R32,1.1124,20.3,9.61,False,38.57,False,4.882,0.2278
35,4,25.89,22.5,46.1,2,R32,1.215,10.33,5.14,False,38.44,False,4.179,0.2907
35,5,27.19,24.3,34.4,4,R32,1.3816,7.6,4.56,False,41.8,False,3.729,0.3705
36,22,30.08,20.2,49.6,3,R32,3.1188,9.32,9.32,True,66.62,False,2.465,1.2653
36,23,27.69,24.4,70.3,1,R32,1.0389,18.64,9.56,False,38.1,False,4.953,0.2097
36,0,28.33,23.7,54.7,4,R32,1.8512,14.04,14.04,True,47.34,False,4.312,0.4293
36,1,26.97,22.5,55.6,2,R32,1.5079,13.17,0.96,False,43.43,False,3.227,0.4673
36,2,27.72,24.3,52.3,4,R32,1.5231,13.9,2.54,False,44.25,False,3.305,0.4609
36,3,26.66,23.1,45.6,1,R32,1.1119,10.71,7.22,False,37.96,False,4.56,0.2439
36,4,26.66,22.9,52.9,2,R32,1.3139,12.78,4.13,False,40.48,False,3.815,0.3445
36,5,26.88,24.4,61.6,2,R32,0.9688,16.54,10.56,False,36.42,False,5.485,0.1766
37,22,31.3,24.4,55.7,2,R32,2.1639,14.97,14.97,True,54.25,False,3.667,0.5901
37,23,28.87,24.9,61.7,3,R32,1.5218,17.04,3.16,False,45.43,False,3.268,0.4656
37,0,28.29,24.4,52.6,3,R32,1.5006,14.08,2.96,False,44.56,False,3.319,0.4522
37,1,28.22,25.5,49.5,4,R32,1.3339,14.16,6.44,False,42.17,False,3.913,0.3409
37,2,26.54,22.3,51.2,3,R32,1.5941,11.73,11.73,True,42.71,False,4.598,0.3467
37,3,27.01,25.5,52.6,1,R32,0.5583,15.1,17.52,False,32.25,False,8.0,0.0698
37,4,27.3,24.7,90.6,2,R32,1.0018,23.06,10.39,False,37.23,False,5.282,0.1897
37,5,27.37,21.0,69.4,4,R32,2.3198,15.18,15.18,True,51.58,False,3.961,0.5857
38,22,30.6,23.2,62.4,1,R32,2.1471,15.61,15.61,True,53.14,False,3.848,0.558
38,23,28.75,21.0,50.6,3,R32,2.5436,10.35,10.35,True,56.91,False,3.045,0.8355
38,0,28.99,22.8,66.2,4,R32,2.2705,16.16,16.16,True,52.68,False,3.961,0.5733
38,1,28.06,25.1,64.1,2,R32,1.0996,17.83,9.39,False,39.16,False,4.746,0.2317
38,2,27.17,24.6,75.2,4,R32,1.2947,19.91,6.1,False,40.63,False,4.044,0.3201
38,3,26.59,25.3,74.7,4,R32,0.949,20.48,11.74,False,35.84,False,5.912,0.1605
38,4,26.06,22.1,64.6,4,R32,1.6688,15.11,15.11,True,42.62,False,5.24,0.3185
38,5,27.65,22.0,27.6,1,R32,1.6742,2.44,2.44,True,46.01,False,3.162,0.5294
39,22,30.31,23.6,60.9,3,R32,2.2609,15.61,15.61,True,54.18,False,3.743,0.604
39,23,29.63,20.9,72.3,2,R32,2.6579,15.73,15.73,True,58.31,False,3.392,0.7836
39,0,28.64,22.6,35.2,4,R32,2.2295,6.44,6.44,True,53.46,False,2.973,0.75
39,1,27.62,25.4,35.3,3,R32,1.0483,8.95,10.42,False,38.05,False,5.132,0.2043
39,2,27.84,20.4,50.7,1,R32,2.1577,9.83,9.83,True,51.06,False,3.432,0.6287
39,3,26.3,24.6,51.5,1,R32,0.6102,13.94,15.88,False,32.03,False,8.0,0.0763
39,4,27.81,21.9,36.3,3,R32,2.0461,6.27,6.27,True,50.23,False,3.178,0.6438
39,5,27.48,20.1,47.1,1,R32,2.1434,8.46,8.46,True,50.7,False,3.333,0.643
40,22,31.39,22.3,36.3,3,R32,2.9035,6.62,6.62,True,65.82,False,2.363,1.2289
40,23,29.33,21.1,36.8,3,R32,2.6712,5.75,5.75,True,60.29,False,2.557,1.0446
40,0,29.06,24.8,69.6,4,R32,1.7492,18.86,18.86,True,46.38,False,5.306,0.3297
40,1,27.7,24.6,53.1,2,R32,1.1369,14.41,8.36,False,39.25,False,4.556,0.2495
40,2,27.1,22.7,54.1,3,R32,1.6376,12.94,12.94,True,43.68,False,4.654,0.3519
40,3,27.06,21.1,62.6,1,R32,1.7595,13.68,13.68,True,44.92,False,4.591,0.3832
40,4,27.14,23.7,47.9,2,R32,1.2288,12.0,6.15,False,39.85,False,4.143,0.2966
40,5,27.76,22.3,25.5,3,R32,1.9239,1.58,1.58,True,49.37,False,2.875,0.6693
41,22,31.44,23.5,67.0,2,R32,2.4451,17.02,17.02,True,57.51,False,3.583,0.6824
41,23,27.95,23.6,29.9,3,R32,1.6248,4.95,0.39,False,46.01,False,2.998,0.542
41,0,28.09,24.0,58.3,4,R32,1.7044,15.31,15.31,True,45.24,False,4.818,0.3538
41,1,27.47,24.2,40.4,3,R32,1.3325,9.89,5.16,False,41.47,False,3.833,0.3476
41,2,27.45,23.5,83.8,4,R32,1.6664,20.6,20.6,True,43.5,False,6.413,0.2598
41,3,27.15,23.6,61.1,3,R32,1.4097,15.66,3.46,False,42.19,False,3.571,0.3948
41,4,27.48,23.7,42.1,4,R32,1.62,10.06,0.56,False,45.4,False,3.052,0.5309
41,5,28.26,23.8,66.9,1,R32,1.3542,17.28,4.45,False,42.65,False,3.634,0.3726
42,22,31.18,21.9,54.2,4,R32,3.1058,12.22,12.22,True,67.0,False,2.605,1.1922
42,23,29.99,22.5,57.5,3,R32,2.4724,13.69,13.69,True,56.78,False,3.328,0.7429
42,0,29.1,23.5,34.8,2,R32,1.811,7.06,7.06,True,48.67,False,3.368,0.5378
42,1,27.4,24.4,53.3,1,R32,0.9607,14.29,10.68,False,36.89,False,5.414,0.1775
42,2,27.28,25.1,53.2,2,R32,0.8899,14.9,12.39,False,35.92,False,6.066,0.1467
42,3,27.37,21.0,69.0,1,R32,1.8695,15.09,15.09,True,46.32,False,4.615,0.4051
42,4,26.7,20.5,44.4,1,R32,1.8231,7.95,7.95,True,46.0,False,3.694,0.4935
42,5,28.89,24.6,82.0,3,R32,1.6095,21.32,1.61,False,46.71,False,3.046,0.5284
43,22,32.09,24.5,46.7,3,R32,2.4984,12.35,12.35,True,59.83,False,3.006,0.8311
43,23,31.25,23.9,55.7,2,R32,2.2837,14.5,14.5,True,55.73,False,3.488,0.6547
43,0,28.59,23.0,41.1,2,R32,1.8086,9.07,9.07,True,47.8,False,3.644,0.4964
43,1,27.15,20.6,57.1,4,R32,2.3674,11.81,11.81,True,52.51,False,3.5,0.6763
43,2,28.4,23.8,62.1,3,R32,1.6911,16.1,16.1,True,45.34,False,4.948,0.3418
43,3,27.91,25.0,56.0,3,R32,1.2351,15.61,7.36,False,40.64,False,4.214,0.2931
43,4,27.41,23.6,52.7,2,R32,1.3299,13.37,4.6,False,41.44,False,3.77,0.3527
43,5,28.4,23.6,41.7,1,R32,1.4453,9.82,2.95,False,44.02,False,3.361,0.43
44,22,30.61,21.3,57.2,4,R32,3.1135,12.49,12.49,True,66.34,False,2.652,1.174
44,23,30.83,23.4,49.2,2,R32,2.3065,12.14,12.14,True,55.96,False,3.255,0.7086
44,0,28.6,20.6,53.4,3,R32,2.6097,10.79,10.79,True,57.5,False,3.04,0.8586
44,1,28.07,23.5,59.7,3,R32,1.6841,15.21,15.21,True,45.01,False,4.838,0.3481
44,2,27.31,23.5,35.9,4,R32,1.6276,7.52,0.25,False,45.34,False,3.031,0.5369
44,3,27.76,21.8,53.2,2,R32,1.9094,11.85,11.85,True,47.67,False,3.978,0.48
44,4,27.32,23.1,60.7,3,R32,1.5892,15.09,0.4,False,44.87,False,3.075,0.5168
44,5,28.25,23.4,82.0,4,R32,1.9095,20.15,20.15,True,47.08,False,5.445,0.3507
45,22,30.88,22.0,38.2,1,R32,2.5477,7.1,7.1,True,60.15,False,2.641,0.9646
45,23,31.15,23.3,58.2,1,R32,2.2683,14.62,14.62,True,55.41,False,3.528,0.6429
45,0,29.51,21.9,64.6,4,R32,2.6543,14.92,14.92,True,58.29,False,3.322,0.7991
45,1,27.93,24.5,61.8,3,R32,1.3759,16.69,4.84,False,42.5,False,3.691,0.3728
45,2,27.26,26.0,40.7,3,R32,0.7915,11.61,14.69,False,34.78,False,7.164,0.1105
45,3,27.78,22.9,68.1,1,R32,1.468,16.7,1.93,False,43.73,False,3.29,0.4462
45,4,28.5,25.4,36.6,2,R32,1.1372,9.48,9.15,False,40.05,False,4.568,0.2489
45,5,28.43,22.2,57.0,1,R32,1.8311,13.27,13.27,True,47.31,False,4.207,0.4352
46,22,30.92,25.5,75.1,1,R32,1.6126,20.76,2.46,False,48.88,False,2.969,0.5432
46,23,29.86,23.6,69.4,2,R32,1.9905,17.67,17.67,True,50.15,False,4.476,0.4447
46,0,28.18,23.8,41.8,1,R32,1.3337,10.04,4.75,False,42.3,False,3.7,0.3604
46,1,27.94,21.5,80.0,4,R32,2.3378,17.9,17.9,True,51.98,False,4.27,0.5475
46,2,28.0,20.7,59.0,2,R32,2.2721,12.4,12.4,True,52.22,False,3.585,0.6337
46,3,28.19,22.6,36.5,2,R32,1.8102,6.97,6.97,True,47.66,False,3.442,0.526
46,4,28.28,25.9,51.9,4,R32,1.2428,15.26,8.15,False,41.06,False,4.273,0.2908
46,5,29.4,21.8,56.9,1,R32,2.2018,12.87,12.87,True,52.88,False,3.575,0.6159
47,22,31.82,21.6,57.0,2,R32,3.0589,12.71,12.71,True,66.99,False,2.633,1.1616
47,23,29.44,24.9,51.4,4,R32,1.826,14.19,14.19,True,48.27,False,4.215,0.4332
47,0,30.04,21.2,48.6,4,R32,2.9873,9.93,9.93,True,64.54,False,2.592,1.1525
47,1,27.61,21.9,64.5,2,R32,1.843,14.9,14.9,True,46.32,False,4.583,0.4021
47,2,29.35,23.6,57.3,1,R32,1.7028,14.66,14.66,True,46.7,False,4.492,0.3791
47,3,27.6,23.2,84.6,4,R32,1.789,20.46,20.46,True,45.0,False,5.981,0.2991
47,4,27.32,21.7,46.5,3,R32,1.9666,9.73,9.73,True,48.16,False,3.681,0.5343
47,5,28.32,23.1,35.7,3,R32,1.8582,7.08,7.08,True,48.36,False,3.394,0.5474
48,22,30.93,20.0,59.7,3,R32,3.4003,11.92,11.92,True,71.01,False,2.412,1.4097
48,23,31.88,23.5,71.8,4,R32,2.8624,18.11,18.11,True,63.1,False,3.237,0.8842
48,0,29.12,23.7,49.7,4,R32,2.0626,12.57,12.57,True,50.92,False,3.725,0.5538
48,1,29.25,25.7,58.1,3,R32,1.4093,16.84,5.57,False,44.26,False,3.602,0.3913
48,2,27.65,24.5,52.9,2,R32,1.1513,14.26,8.05,False,39.38,False,4.488,0.2565
48,3,27.43,22.3,48.5,2,R32,1.6851,10.91,10.91,True,44.83,False,4.188,0.4024
48,4,28.08,23.3,52.3,2,R32,1.5917,12.98,0.56,False,45.73,False,3.03,0.5253
48,5,28.67,24.4,35.8,1,R32,1.3034,8.27,5.78,False,42.38,False,3.81,0.3421
49,22,32.52,23.8,55.1,1,R32,2.5033,14.24,14.24,True,60.02,False,3.139,0.7975
49,23,29.69,23.8,67.0,2,R32,1.8899,17.3,17.3,True,48.86,False,4.602,0.4107
49,0,29.74,23.1,33.4,2,R32,2.0941,6.11,6.11,True,53.06,False,2.974,0.7041
49,1,28.26,22.4,62.6,3,R32,2.0316,14.91,14.91,True,49.22,False,4.198,0.484
49,2,27.42,23.9,73.4,3,R32,1.4005,18.85,3.89,False,42.33,False,3.604,0.3886
49,3,28.71,24.7,30.8,2,R32,1.3819,6.33,4.96,False,43.41,False,3.617,0.3821
49,4,27.73,22.9,48.2,1,R32,1.4549,11.37,2.12,False,43.5,False,3.326,0.4375
49,5,28.4,21.9,65.3,3,R32,2.2048,15.09,15.09,True,51.4,False,3.969,0.5554
50,22,31.54,23.3,56.9,1,R32,2.3747,14.27,14.27,True,57.25,False,3.344,0.7101
50,23,30.57,21.9,46.6,1,R32,2.4904,9.95,9.95,True,58.43,False,2.919,0.8531
50,0,29.83,26.0,42.5,4,R32,1.6343,12.27,2.65,False,47.92,False,3.046,0.5365
50,1,28.61,25.6,42.3,3,R32,1.263,11.84,7.56,False,41.7,False,4.111,0.3072
50,2,27.53,20.3,61.5,2,R32,2.2534,12.65,12.65,True,51.41,False,3.688,0.6111
50,3,28.52,22.7,42.4,2,R32,1.8719,9.26,9.26,True,48.45,False,3.603,0.5195
50,4,28.75,21.8,56.3,1,R32,2.0278,12.71,12.71,True,50.07,False,3.826,0.53
50,5,28.07,24.4,49.1,1,R32,1.1396,13.02,8.12,False,39.69,False,4.454,0.2558
51,22,31.85,23.9,56.4,3,R32,2.5971,14.7,14.7,True,60.36,False,3.152,0.824
51,23,30.07,20.4,54.9,1,R32,2.7613,11.02,11.02,True,61.21,False,2.831,0.9753
51,0,28.9,22.9,69.0,4,R32,2.2211,16.91,16.91,True,51.88,False,4.148,0.5355
51,1,28.31,23.7,69.5,1,R32,1.394,17.79,3.79,False,43.23,False,3.51,0.3971
51,2,29.21,22.7,47.0,1,R32,1.9073,10.8,10.8,True,49.43,False,3.676,0.5188
51,3,28.78,23.5,53.0,4,R32,2.0254,13.37,13.37,True,49.97,False,3.914,0.5175
51,4,28.27,24.4,71.9,3,R32,1.4956,19.0,3.03,False,44.48,False,3.332,0.4489
51,5,29.55,20.7,51.7,1,R32,2.5405,10.4,10.4,True,57.8,False,2.991,0.8495
52,22,31.97,21.9,60.5,1,R32,2.8682,13.91,13.91,True,64.25,False,2.851,1.006
52,23,30.34,22.1,54.1,4,R32,2.8236,12.38,12.38,True,62.05,False,2.874,0.9824
52,0,29.85,22.3,45.4,2,R32,2.3382,9.92,9.92,True,55.63,False,3.097,0.7551
52,1,29.69,21.4,33.7,1,R32,2.3887,4.75,4.75,True,57.1,False,2.655,0.8998
52,2,29.12,24.1,67.0,1,R32,1.5065,17.59,2.58,False,45.6,False,3.205,0.4701
52,3,27.79,22.7,53.6,1,R32,1.5238,12.8,0.93,False,44.53,False,3.143,0.4848
52,4,28.06,23.1,72.5,3,R32,1.7899,17.88,17.88,True,45.84,False,5.204,0.3439
52,5,29.99,26.0,60.1,2,R32,1.3778,17.66,6.32,False,44.62,False,3.648,0.3777
53,22,31.81,21.7,42.5,4,R32,3.3309,8.4,8.4,True,72.14,False,2.208,1.5083
53,23,29.65,21.3,50.6,4,R32,2.8539,10.63,10.63,True,62.05,False,2.76,1.0342
53,0,29.5,22.5,57.5,4,R32,2.4905,13.69,13.69,True,56.44,False,3.354,0.7424
53,1,28.9,24.1,50.7,4,R32,1.8956,13.24,13.24,True,48.6,False,4.05,0.4681
53,2,28.4,23.4,52.0,4,R32,1.9494,12.98,12.98,True,48.7,False,4.005,0.4867
53,3,29.29,23.6,74.2,3,R32,1.9868,18.73,18.73,True,49.32,False,4.772,0.4164
53,4,27.87,23.8,58.9,2,R32,1.4002,15.28,3.8,False,42.83,False,3.548,0.3947
53,5,29.02,25.6,58.6,2,R32,1.2222,16.88,8.14,False,41.63,False,4.2,0.291
54,22,32.36,22.0,48.7,3,R32,3.2463,10.7,10.7,True,70.88,False,2.358,1.3766
54,23,31.26,22.4,43.7,2,R32,2.6929,9.44,9.44,True,62.06,False,2.685,1.0029
54,0,31.26,24.6,32.2,3,R32,2.247,6.89,6.89,True,56.63,False,2.815,0.7982
54,1,29.13,24.5,57.5,1,R32,1.3995,15.56,4.51,False,44.12,False,3.505,0.3993
54,2,28.5,21.2,52.5,2,R32,2.2705,11.09,11.09,True,53.0,False,3.392,0.6695
54,3,27.9,21.1,67.9,1,R32,1.9862,14.94,14.94,True,48.28,False,4.32,0.4598
54,4,29.01,25.2,48.8,1,R32,1.1796,13.66,8.35,False,41.13,False,4.293,0.2747
54,5,28.41,25.5,86.5,2,R32,1.0869,23.08,9.97,False,39.35,False,4.818,0.2256
55,22,31.73,24.0,53.5,3,R32,2.5364,13.97,13.97,True,59.58,False,3.148,0.8057
55,23,31.24,24.0,60.7,2,R32,2.2559,15.94,15.94,True,55.14,False,3.687,0.6119
55,0,29.47,20.0,62.1,3,R32,3.0059,12.52,12.52,True,63.45,False,2.805,1.0718
55,1,29.37,23.6,44.5,2,R32,1.8567,10.8,10.8,True,49.0,False,3.716,0.4996
55,2,27.75,24.9,48.4,2,R32,1.0688,13.26,9.63,False,38.47,False,4.903,0.218
55,3,30.03,22.2,58.6,2,R32,2.4134,13.7,13.7,True,56.08,False,3.384,0.7132
55,4,29.78,25.8,74.6,2,R32,1.3745,20.94,6.16,False,44.37,False,3.656,0.376
55,5,29.74,22.5,55.8,3,R32,2.4037,13.23,13.23,True,55.71,False,3.37,0.7132
56,22,31.79,23.0,53.0,2,R32,2.6724,12.9,12.9,True,61.65,False,2.934,0.9108
56,23,30.8,23.1,70.7,1,R32,2.229,17.48,17.48,True,54.05,False,3.974,0.5608
56,0,29.78,21.7,44.9,4,R32,2.7808,9.21,9.21,True,61.54,False,2.698,1.0308
56,1,29.16,24.2,65.6,2,R32,1.6393,17.35,0.78,False,47.48,False,2.933,0.5589
56,2,28.13,25.8,69.7,3,R32,1.0785,19.84,10.39,False,38.92,False,4.969,0.217
56,3,28.92,24.3,65.5,2,R32,1.5477,17.42,2.19,False,45.91,False,3.149,0.4916
56,4,27.99,23.5,38.1,1,R32,1.3623,8.39,4.04,False,42.49,False,3.604,0.378
56,5,28.54,24.1,75.1,2,R32,1.498,19.41,2.7,False,44.83,False,3.274,0.4576
57,22,32.44,20.3,58.9,2,R32,3.5777,12.0,12.0,True,75.54,False,2.244,1.5947
57,23,31.06,22.4,61.3,1,R32,2.4884,14.58,14.58,True,58.07,False,3.309,0.7521
57,0,29.89,23.6,52.7,1,R32,1.849,13.37,13.37,True,49.15,False,4.004,0.4618
57,1,30.15,24.4,72.1,2,R32,1.8535,19.04,19.04,True,48.74,False,4.92,0.3767
57,2,28.8,25.7,74.9,2,R32,1.1379,20.91,9.44,False,40.36,False,4.57,0.249
57,3,28.38,22.6,43.0,4,R32,2.1593,9.38,9.38,True,51.77,False,3.333,0.6479
57,4,29.03,23.2,43.3,3,R32,2.0246,10.03,10.03,True,50.76,False,3.476,0.5824
57,5,28.78,24.3,46.7,2,R32,1.5106,12.17,2.72,False,45.25,False,3.243,0.4658
58,22,32.98,21.8,72.9,4,R32,3.6183,16.72,16.72,True,75.32,False,2.473,1.463
58,23,31.06,23.3,53.0,3,R32,2.5458,13.18,13.18,True,59.08,False,3.119,0.8162
58,0,30.25,21.3,33.8,3,R32,2.8666,4.71,4.71,True,64.4,False,2.327,1.2318
58,1,28.78,24.2,44.3,3,R32,1.6863,11.27,0.11,False,47.73,False,2.869,0.5877
58,2,28.94,23.8,36.2,1,R32,1.5366,7.91,1.85,False,45.84,False,3.126,0.4916
58,3,28.41,23.6,54.9,1,R32,1.448,14.0,2.91,False,44.07,False,3.354,0.4318
58,4,28.23,23.9,39.0,1,R32,1.3189,9.1,5.06,False,42.15,False,3.75,0.3517
58,5,30.84,22.1,74.6,1,R32,2.5108,17.37,17.37,True,57.55,False,3.615,0.6945
59,22,32.62,24.7,42.8,2,R32,2.4397,11.21,11.21,True,59.92,False,2.919,0.8359
59,23,31.34,24.5,27.6,3,R32,2.2956,4.58,4.58,True,57.8,False,2.609,0.8798
59,0,30.49,25.7,54.0,1,R32,1.4435,15.69,5.08,False,46.06,False,3.394,0.4253
59,1,28.97,21.4,52.4,2,R32,2.3442,11.25,11.25,True,54.44,False,3.292,0.712
59,2,29.23,24.4,26.6,1,R32,1.4543,3.97,3.62,False,44.97,False,3.347,0.4345
59,3,28.19,21.7,67.0,3,R32,2.203,15.3,15.3,True,51.11,False,4.028,0.5469
59,4,29.81,23.1,47.2,3,R32,2.261,11.23,11.23,True,54.36,False,3.297,0.6858
59,5,29.43,20.0,54.6,1,R32,2.6969,10.57,10.57,True,59.69,False,2.888,0.9338
60,22,32.29,21.6,56.5,4,R32,3.4853,12.58,12.58,True,73.77,False,2.335,1.4929
60,23,32.34,23.5,45.0,4,R32,2.9881,10.88,10.88,True,67.11,False,2.526,1.1831
60,0,30.12,23.8,58.8,2,R32,2.0059,15.25,15.25,True,50.98,False,4.036,0.497
60,1,29.52,25.7,79.2,4,R32,1.6316,21.82,2.39,False,47.58,False,3.049,0.5351
60,2,29.57,22.9,52.8,2,R32,2.101,12.75,12.75,True,51.87,False,3.654,0.5749
60,3,30.79,21.8,29.4,3,R32,2.8762,3.16,3.16,True,65.59,False,2.213,1.2997
60,4,29.83,22.1,33.0,4,R32,2.6861,5.06,5.06,True,61.25,False,2.476,1.0849
60,5,29.66,21.8,66.2,4,R32,2.7223,15.21,15.21,True,59.28,False,3.272,0.8321
61,22,32.38,24.9,55.8,2,R32,2.3188,15.46,15.46,True,57.3,False,3.449,0.6724
61,23,31.95,26.0,33.0,2,R32,1.9069,8.48,8.48,True,52.85,False,3.173,0.6009
61,0,30.9,22.4,51.8,4,R32,2.8962,12.0,12.0,True,63.81,False,2.752,1.0525
61,1,29.9,26.0,57.2,3,R32,1.5029,16.88,4.53,False,46.18,False,3.333,0.4508
61,2,28.54,23.6,79.8,2,R32,1.633,19.9,0.27,False,46.77,False,2.94,0.5555
61,3,28.3,21.7,68.7,1,R32,1.9318,15.69,15.69,True,48.0,False,4.471,0.4321
61,4,29.27,22.9,68.8,4,R32,2.3196,16.86,16.86,True,53.48,False,3.96,0.5858
61,5,30.47,21.7,59.4,1,R32,2.5176,13.44,13.44,True,57.97,False,3.218,0.7824
62,22,33.43,26.0,62.0,2,R32,2.3049,18.15,18.15,True,57.87,False,3.667,0.6285
62,23,31.7,23.4,54.1,4,R32,2.8417,13.59,13.59,True,63.65,False,2.864,0.9923
62,0,30.63,23.5,76.7,4,R32,2.5262,19.17,19.17,True,57.16,False,3.848,0.6566
62,1,29.89,21.0,68.0,4,R32,2.9996,14.87,14.87,True,63.29,False,2.974,1.0087
62,2,29.96,23.0,43.0,1,R32,2.028,9.74,9.74,True,51.89,False,3.356,0.6043
62,3,28.7,22.1,74.7,2,R32,2.0832,17.4,17.4,True,49.95,False,4.462,0.4669
62,4,28.78,20.0,64.2,4,R32,2.9706,13.03,13.03,True,62.01,False,2.921,1.0169
62,5,30.43,25.4,61.2,4,R32,1.9584,17.38,17.38,True,50.47,False,4.39,0.4461
63,22,33.02,23.0,44.2,4,R32,3.3056,10.15,10.15,True,72.74,False,2.263,1.4604
63,23,31.77,22.5,46.9,4,R32,3.1021,10.59,10.59,True,68.1,False,2.467,1.2575
63,0,30.3,23.8,48.9,3,R32,2.2039,12.41,12.41,True,54.01,False,3.432,0.6422
63,1,30.21,24.3,50.5,3,R32,2.0454,13.36,13.36,True,51.83,False,3.724,0.5493
63,2,28.64,22.0,61.2,4,R32,2.3935,14.18,14.18,True,54.14,False,3.596,0.6657
63,3,29.18,24.0,47.9,4,R32,1.9987,12.28,12.28,True,50.27,False,3.756,0.5321
63,4,28.52,24.3,58.3,3,R32,1.5882,15.59,1.61,False,46.03,False,3.093,0.5135
63,5,30.13,22.4,41.3,2,R32,2.3878,8.6,8.6,True,56.85,False,2.92,0.8177
64,22,33.51,22.8,28.9,2,R32,3.1906,3.78,3.78,True,73.48,False,1.986,1.6062
64,23,32.14,22.9,71.9,1,R32,2.646,17.56,17.56,True,60.75,False,3.366,0.7861
64,0,30.47,23.6,49.8,3,R32,2.3041,12.5,12.5,True,55.44,False,3.326,0.6927
64,1,30.26,23.8,65.6,4,R32,2.3431,16.97,16.97,True,54.89,False,3.826,0.6125
64,2,28.74,24.6,48.6,3,R32,1.5691,13.05,2.18,False,45.98,False,3.143,0.4992
64,3,29.62,20.8,51.9,1,R32,2.5316,10.55,10.55,True,57.73,False,3.006,0.8421
64,4,28.76,23.1,32.4,3,R32,1.9781,5.67,5.67,True,50.55,False,3.107,0.6368
64,5,29.63,24.0,73.3,3,R32,1.9696,18.92,18.92,True,49.47,False,4.78,0.412
65,22,33.47,25.6,53.7,1,R32,2.2757,15.51,15.51,True,58.02,False,3.395,0.6703
65,23,31.6,22.2,34.7,3,R32,2.9869,5.88,5.88,True,67.48,False,2.265,1.3188
65,0,30.22,23.1,59.2,1,R32,2.0727,14.7,14.7,True,51.97,False,3.862,0.5367
65,1,30.57,23.3,75.5,1,R32,2.1116,18.72,18.72,True,52.2,False,4.36,0.4843
65,2,29.95,23.8,57.3,1,R32,1.8112,14.85,14.85,True,48.58,False,4.269,0.4243
65,3,29.8,22.2,57.9,2,R32,2.3514,13.51,13.51,True,55.07,False,3.449,0.6818
65,4,30.25,22.5,65.6,1,R32,2.243,15.73,15.73,True,53.88,False,3.786,0.5924
65,5,30.0,25.1,51.7,3,R32,1.7743,14.46,14.46,True,48.27,False,4.254,0.4171
66,22,33.01,20.6,52.0,1,R32,3.5,10.39,10.39,True,75.59,False,2.175,1.6094
66,23,31.25,22.7,34.0,1,R32,2.4585,6.02,6.02,True,59.6,False,2.605,0.9437
66,0,32.1,23.2,53.7,1,R32,2.5517,13.29,13.29,True,60.35,False,3.044,0.8384
66,1,29.82,23.2,49.4,3,R32,2.2361,12.01,12.01,True,53.93,False,3.402,0.6573
66,2,29.17,22.0,38.1,3,R32,2.3856,7.06,7.06,True,55.99,False,2.863,0.8332
66,3,29.21,21.1,23.4,1,R32,2.3387,-0.62,1.0,True,56.6,False,2.465,0.9486
66,4,29.3,23.0,68.0,1,R32,1.852,16.77,16.77,True,48.07,False,4.632,0.3998
66,5,29.58,22.3,38.9,2,R32,2.2655,7.63,7.63,True,54.8,False,2.976,0.7612
67,22,32.92,24.0,57.6,4,R32,3.0092,15.12,15.12,True,67.03,False,2.776,1.0838
67,23,31.36,24.6,56.0,3,R32,2.2757,15.24,15.24,True,55.64,False,3.569,0.6376
67,0,30.77,24.6,50.2,1,R32,1.8149,13.55,13.55,True,49.71,False,3.964,0.4578
67,1,29.59,25.2,46.5,4,R32,1.7856,12.92,12.92,True,48.13,False,4.062,0.4396
67,2,29.64,23.8,36.0,1,R32,1.7278,7.83,7.83,True,48.18,False,3.482,0.4963
67,3,29.85,24.0,60.0,2,R32,1.8795,15.75,15.75,True,49.13,False,4.328,0.4343
67,4,29.57,22.1,46.5,2,R32,2.317,10.1,10.1,True,55.0,False,3.154,0.7347
67,5,30.19,23.9,68.0,1,R32,1.8479,17.63,17.63,True,48.9,False,4.65,0.3974
68,22,32.95,21.5,53.4,2,R32,3.3907,11.63,11.63,True,73.48,False,2.302,1.4728
68,23,31.91,24.7,45.3,2,R32,2.2477,12.07,12.07,True,56.48,False,3.211,0.7
68,0,31.57,24.7,69.1,2,R32,2.1544,18.65,18.65,True,53.85,False,4.145,0.5198
68,1,29.0,21.3,55.1,1,R32,2.2283,11.92,11.92,True,52.91,False,3.477,0.6408
68,2,30.11,23.4,47.7,2,R32,2.1117,11.67,11.67,True,52.79,False,3.463,0.6098
68,3,29.58,24.9,56.4,2,R32,1.5649,15.63,2.54,False,46.81,False,3.114,0.5025
68,4,28.52,22.0,87.1,2,R32,2.0604,19.75,19.75,True,49.13,False,4.985,0.4134
68,5,29.75,22.7,37.2,4,R32,2.5025,7.33,7.33,True,58.16,False,2.759,0.907
69,22,33.71,23.6,47.2,3,R32,3.1791,11.69,11.69,True,71.29,False,2.39,1.3304
69,23,32.99,23.1,45.3,2,R32,2.9691,10.61,10.61,True,67.68,False,2.486,1.1942
69,0,30.73,25.2,61.3,4,R32,2.0918,17.22,17.22,True,52.38,False,4.129,0.5066
69,1,30.38,25.2,60.5,3,R32,1.8495,17.01,17.01,True,49.22,False,4.505,0.4106
69,2,30.07,20.4,70.7,4,R32,3.21,14.9,14.9,True,66.38,False,2.798,1.1475
69,3,28.42,23.9,26.3,2,R32,1.5212,3.38,2.17,False,45.05,False,3.21,0.4738
69,4,29.44,21.2,43.4,1,R32,2.3745,8.25,8.25,True,55.93,False,2.951,0.8046
69,5,29.83,20.0,59.0,3,R32,3.1047,11.74,11.74,True,65.46,False,2.652,1.1709
70,22,32.84,22.7,34.8,2,R32,3.0376,6.36,6.36,True,69.61,False,2.21,1.3748
70,23,31.49,23.2,69.4,4,R32,2.8375,17.29,17.29,True,62.49,False,3.212,0.8834
70,0,32.07,22.3,54.4,4,R32,3.2379,12.65,12.65,True,69.85,False,2.498,1.2961
70,1,29.45,23.0,60.0,1,R32,1.8922,14.81,14.81,True,48.96,False,4.217,0.4487
70,2,29.38,22.8,53.9,2,R32,2.0764,12.97,12.97,True,51.32,False,3.731,0.5565
70,3,29.25,20.6,44.2,1,R32,2.4851,7.98,7.98,True,57.21,False,2.855,0.8704
70,4,28.56,22.5,53.9,3,R32,2.0859,12.7,12.7,True,50.54,False,3.776,0.5524
70,5,30.28,23.2,54.8,1,R32,2.061,13.6,13.6,True,52.06,False,3.728,0.5529
71,22,33.16,23.7,36.1,4,R32,3.1543,7.78,7.78,True,71.34,False,2.21,1.4274
71,23,31.34,23.0,59.8,1,R32,2.4026,14.76,14.76,True,57.28,False,3.386,0.7095
71,0,31.93,23.4,52.4,2,R32,2.6023,13.1,13.1,True,60.85,False,2.997,0.8682
71,1,30.93,23.8,65.2,2,R32,2.2238,16.87,16.87,True,54.23,False,3.881,0.573
71,2,29.59,22.3,31.2,4,R32,2.5678,4.43,4.43,True,59.47,False,2.522,1.0183
71,3,29.97,23.5,50.7,4,R32,2.3463,12.69,12.69,True,55.36,False,3.349,0.7005
71,4,29.86,24.3,78.5,1,R32,1.6524,20.32,0.69,False,48.44,False,2.868,0.5761
71,5,30.87,22.0,60.5,1,R32,2.5436,14.0,14.0,True,58.65,False,3.216,0.791
72,22,34.86,20.7,58.0,1,R32,3.9725,12.14,12.14,True,77.61,True,2.179,1.8234
72,23,32.35,22.2,54.4,2,R32,3.0393,12.56,12.56,True,67.39,False,2.605,1.1666
72,0,30.81,23.4,47.0,2,R32,2.3013,11.44,11.44,True,55.99,False,3.194,0.7205
72,1,30.76,23.0,62.8,4,R32,2.6948,15.53,15.53,True,60.16,False,3.234,0.8333
72,2,30.41,22.9,33.7,2,R32,2.3279,6.07,6.07,True,56.87,False,2.748,0.8471
72,3,30.32,26.0,66.5,3,R32,1.6169,19.27,2.9,False,48.22,False,3.046,0.5309
72,4,29.88,20.0,87.6,3,R32,3.1174,17.88,17.88,True,64.11,False,3.147,0.9905
72,5,30.07,22.8,66.5,4,R32,2.5637,16.23,16.23,True,57.54,False,3.503,0.7318
73,22,33.63,24.0,61.7,4,R32,3.1993,16.19,16.19,True,70.25,False,2.676,1.1955
73,23,32.16,21.5,45.5,3,R32,3.3288,9.23,9.23,True,72.29,False,2.239,1.487
73,0,30.99,24.5,83.0,3,R32,2.2028,21.42,21.42,True,53.32,False,4.617,0.4771
73,1,30.39,24.3,64.5,2,R32,1.9453,17.17,17.17,True,50.3,False,4.382,0.444
73,2,30.45,24.4,45.7,2,R32,1.9344,11.93,11.93,True,50.99,False,3.649,0.5301
73,3,29.85,24.6,60.9,1,R32,1.5682,16.55,2.2,False,47.19,False,3.06,0.5125
73,4,29.24,22.0,48.6,3,R32,2.4054,10.67,10.67,True,55.64,False,3.155,0.7623
73,5,30.79,22.8,50.7,1,R32,2.3079,12.04,12.04,True,55.95,False,3.248,0.7106
74,22,32.97,23.6,64.6,4,R32,3.1301,16.54,16.54,True,68.39,False,2.793,1.1207
74,23,32.6,23.3,56.7,3,R32,2.9617,14.22,14.22,True,66.21,False,2.763,1.0717
74,0,30.65,23.3,45.2,4,R32,2.5856,10.76,10.76,True,59.62,False,2.906,0.8898
74,1,30.31,23.7,32.7,2,R32,2.0834,6.33,6.33,True,53.53,False,2.961,0.7037
74,2,28.68,23.3,55.0,2,R32,1.7537,13.75,13.75,True,46.65,False,4.36,0.4022
74,3,29.16,22.8,35.6,2,R32,2.0171,6.78,6.78,True,51.32,False,3.142,0.6419
74,4,29.72,21.9,43.0,3,R32,2.5623,8.75,8.75,True,58.63,False,2.826,0.9068
74,5,29.86,20.6,45.9,4,R32,3.1007,8.54,8.54,True,66.3,False,2.438,1.2716
75,22,33.89,22.7,51.8,1,R32,3.172,12.28,12.28,True,71.25,False,2.42,1.3108
75,23,30.99,20.8,58.1,1,R32,2.9004,12.26,12.26,True,63.9,False,2.763,1.0497
75,0,30.16,24.8,44.7,1,R32,1.5977,11.95,1.98,False,47.92,False,2.994,0.5336
75,1,30.56,24.0,59.9,2,R32,2.0712,15.73,15.73,True,52.18,False,3.963,0.5226
75,2,30.94,24.9,57.5,2,R32,1.9307,15.93,15.93,True,50.92,False,4.13,0.4674
75,3,29.39,20.7,52.4,1,R32,2.4974,10.6,10.6,True,57.01,False,3.057,0.817
75,4,30.0,25.1,41.1,3,R32,1.7734,10.95,10.95,True,48.71,False,3.763,0.4713
75,5,30.4,22.0,73.7,3,R32,2.7175,17.09,17.09,True,59.69,False,3.406,0.7979
76,22,33.01,22.4,48.7,4,R32,3.466,11.06,11.06,True,74.87,False,2.227,1.5562
76,23,32.32,21.7,52.4,1,R32,3.0167,11.53,11.53,True,67.31,False,2.552,1.1822
76,0,30.81,23.0,66.5,3,R32,2.56,16.42,16.42,True,58.32,False,3.456,0.7408
76,1,29.78,21.5,84.3,2,R32,2.5345,18.74,18.74,True,56.34,False,3.881,0.653
76,2,30.39,21.7,47.1,1,R32,2.4967,9.92,9.92,True,58.31,False,2.925,0.8535
76,3,29.54,23.3,42.4,2,R32,1.9858,9.8,9.8,True,50.9,False,3.443,0.5768
76,4,30.51,22.0,53.1,1,R32,2.4484,12.01,12.01,True,57.41,False,3.14,0.7798
76,5,30.96,23.9,53.0,3,R32,2.3569,13.74,13.74,True,56.45,False,3.358,0.7019
77,22,33.63,22.1,25.7,3,R32,3.5619,1.52,1.52,True,77.61,True,1.805,1.9734
77,23,32.18,23.7,65.8,3,R32,2.7396,16.92,16.92,True,62.13,False,3.208,0.8539
77,0,31.54,21.8,57.3,4,R32,3.2293,12.98,12.98,True,68.98,False,2.555,1.2641
77,1,30.47,23.6,45.4,1,R32,2.0053,11.1,11.1,True,51.99,False,3.476,0.5769
77,2,29.56,22.5,62.4,2,R32,2.2063,14.95,14.95,True,52.77,False,3.809,0.5792
77,3,30.48,23.0,43.4,3,R32,2.4704,9.88,9.88,True,58.08,False,2.936,0.8414
77,4,28.23,23.0,37.7,2,R32,1.7125,7.79,7.79,True,46.43,False,3.636,0.471
77,5,30.3,22.6,58.9,1,R32,2.2303,14.15,14.15,True,54.05,False,3.6,0.6195
78,22,33.69,23.5,62.5,3,R32,3.2026,15.92,15.92,True,70.45,False,2.651,1.2082
78,23,31.61,24.3,70.7,4,R32,2.5736,18.63,18.63,True,58.99,False,3.615,0.7118
78,0,31.84,25.4,46.1,3,R32,2.1888,12.97,12.97,True,55.5,False,3.364,0.6507
78,1,30.21,23.6,48.0,2,R32,2.0852,11.94,11.94,True,52.54,False,3.512,0.5938
78,2,29.25,25.5,44.2,4,R32,1.6124,12.42,2.47,False,47.03,False,3.092,0.5214
78,3,30.18,24.5,61.2,2,R32,1.8325,16.53,16.53,True,48.85,False,4.482,0.4089
78,4,28.92,23.2,36.7,2,R32,1.8436,7.58,7.58,True,48.79,False,3.406,0.5413
78,5,29.78,23.3,56.0,3,R32,2.2002,14.03,14.03,True,53.11,False,3.674,0.5988
79,22,31.99,22.7,84.0,4,R32,3.1086,19.85,19.85,True,66.07,False,3.17,0.9806
79,23,32.79,23.9,59.4,2,R32,2.7013,15.5,15.5,True,62.66,False,3.061,0.8826
79,0,32.5,23.3,67.6,3,R32,2.9335,16.97,16.97,True,65.05,False,3.017,0.9723
79,1,30.06,22.3,51.0,4,R32,2.6948,11.67,11.67,True,60.16,False,2.937,0.9176
79,2,30.4,23.9,50.8,4,R32,2.3542,13.08,13.08,True,55.88,False,3.344,0.704
79,3,29.48,21.2,39.6,3,R32,2.6852,6.91,6.91,True,60.4,False,2.618,1.0258
79,4,28.7,23.4,66.9,3,R32,1.88,16.9,16.9,True,47.69,False,4.71,0.3992
79,5,29.68,23.5,64.2,4,R32,2.2691,16.34,16.34,True,53.44,False,3.902,0.5815
80,22,33.66,23.4,52.3,2,R32,3.0703,13.07,13.07,True,69.3,False,2.545,1.2064
80,23,33.24,23.5,56.8,2,R32,2.931,14.43,14.43,True,66.52,False,2.761,1.0616
80,0,32.32,22.8,46.7,2,R32,2.8698,10.8,10.8,True,65.44,False,2.598,1.1044
80,1,30.5,26.0,60.2,3,R32,1.6638,17.68,2.23,False,49.08,False,2.939,0.5661
80,2,29.26,22.1,50.5,2,R32,2.2345,11.34,11.34,True,53.39,False,3.382,0.6606
80,3,29.66,22.3,65.4,3,R32,2.4372,15.5,15.5,True,55.62,False,3.597,0.6775
80,4,30.22,22.4,39.4,4,R32,2.7104,7.91,7.91,True,61.4,False,2.627,1.0317
80,5,31.47,24.7,61.2,3,R32,2.2771,16.72,16.72,True,55.52,False,3.735,0.6096
81,22,33.44,23.7,66.8,1,R32,2.7801,17.16,17.16,True,64.1,False,3.092,0.8991
81,23,32.33,24.7,68.4,2,R32,2.3602,18.49,18.49,True,57.22,False,3.765,0.6269
81,0,30.69,22.8,55.5,3,R32,2.5794,13.42,13.42,True,59.02,False,3.142,0.8209
81,1,30.9,23.7,53.2,2,R32,2.243,13.61,13.61,True,54.98,False,3.465,0.6473
81,2,29.93,22.5,52.8,2,R32,2.3067,12.38,12.38,True,54.88,False,3.36,0.6866
81,3,30.7,22.7,39.2,3,R32,2.6099,8.1,8.1,True,60.56,False,2.681,0.9736
81,4,29.93,21.2,60.4,4,R32,2.9559,13.23,13.23,True,63.15,False,2.868,1.0306
81,5,30.77,21.9,58.7,4,R32,2.9944,13.44,13.44,True,64.64,False,2.799,1.0698
82,22,32.65,23.7,79.3,3,R32,2.8654,19.9,19.9,True,63.65,False,3.349,0.8556
82,23,31.58,21.8,70.8,1,R32,2.7908,16.26,16.26,True,62.23,False,3.148,0.8865
82,0,31.38,23.9,54.0,4,R32,2.6194,14.02,14.02,True,60.23,False,3.107,0.843
82,1,29.82,21.4,46.0,3,R32,2.7241,9.3,9.3,True,60.8,False,2.742,0.9935
82,2,29.5,23.7,72.8,2,R32,1.8647,18.53,18.53,True,48.2,False,4.915,0.3794
82,3,30.11,24.7,59.2,4,R32,2.0613,16.2,16.2,True,51.48,False,4.101,0.5026
82,4,30.44,22.7,62.5,4,R32,2.6899,15.17,15.17,True,59.8,False,3.23,0.8327
82,5,29.81,22.3,60.6,3,R32,2.4769,14.31,14.31,True,56.51,False,3.406,0.7272
83,22,33.34,23.4,49.8,3,R32,3.1347,12.32,12.32,True,70.03,False,2.473,1.2673
83,23,32.38,26.0,37.4,3,R32,2.1725,10.34,10.34,True,56.36,False,3.08,0.7054
83,0,30.58,20.6,58.0,1,R32,2.8439,12.04,12.04,True,62.69,False,2.815,1.0102
83,1,30.68,20.4,49.9,1,R32,2.9255,9.59,9.59,True,64.53,False,2.573,1.1369
83,2,29.68,24.2,31.4,4,R32,2.0793,6.18,6.18,True,52.79,False,2.996,0.6939
83,3,30.46,21.8,64.0,1,R32,2.4869,14.68,14.68,True,57.32,False,3.376,0.7367
83,4,30.22,22.7,36.5,3,R32,2.4799,7.05,7.05,True,58.47,False,2.725,0.9101
83,5,31.78,20.3,45.9,3,R32,3.5494,8.26,8.26,True,75.49,False,2.093,1.6959
84,22,33.1,21.0,52.7,4,R32,3.8682,10.97,10.97,True,77.61,True,2.132,1.8147
84,23,32.99,20.9,57.6,4,R32,3.8645,12.22,12.22,True,77.61,True,2.182,1.7711
84,0,31.07,21.5,50.6,1,R32,2.7344,10.81,10.81,True,62.09,False,2.769,0.9874
84,1,30.87,20.9,43.8,3,R32,3.143,8.12,8.12,True,68.27,False,2.338,1.3443
84,2,28.55,23.3,60.2,1,R32,1.5663,15.15,0.92,False,45.88,False,3.048,0.5138
84,3,30.18,24.3,63.9,4,R32,2.1877,17.03,17.03,True,52.92,False,4.042,0.5412
84,4,29.54,23.6,56.3,4,R32,2.2029,14.39,14.39,True,52.8,False,3.743,0.5885
84,5,31.24,23.6,52.8,3,R32,2.5126,13.4,13.4,True,58.81,False,3.155,0.7964
85,22,33.87,22.3,46.9,2,R32,3.4234,10.41,10.41,True,75.49,False,2.178,1.5716
85,23,32.47,22.1,47.9,1,R32,2.951,10.54,10.54,True,66.82,False,2.52,1.171
85,0,30.8,21.9,69.6,1,R32,2.5531,16.09,16.09,True,58.28,False,3.427,0.7449
85,1,31.12,23.9,71.8,2,R32,2.2483,18.5,18.5,True,54.47,False,4.053,0.5547
85,2,30.84,21.5,49.4,2,R32,2.822,10.45,10.45,True,63.09,False,2.694,1.0474
85,3,30.23,20.9,49.4,2,R32,2.8194,9.9,9.9,True,62.45,False,2.693,1.0468
85,4,31.0,20.4,47.8,3,R32,3.312,8.95,8.95,True,70.68,False,2.285,1.4493
85,5,30.76,23.2,34.0,1,R32,2.1914,6.46,6.46,True,55.42,False,2.856,0.7674
86,22,34.06,20.7,67.6,1,R32,3.7582,14.49,14.49,True,77.61,True,2.278,1.6495
86,23,31.87,25.2,58.7,3,R32,2.2505,16.54,16.54,True,55.69,False,3.699,0.6084
86,0,30.05,23.2,68.0,3,R32,2.2985,16.96,16.96,True,54.1,False,3.906,0.5885
86,1,31.23,22.6,57.6,2,R32,2.6313,13.81,13.81,True,60.26,False,3.089,0.8519
86,2,30.54,23.6,65.1,1,R32,2.0231,16.66,16.66,True,51.44,False,4.166,0.4857
86,3,29.6,22.4,49.5,4,R32,2.5432,11.31,11.31,True,57.7,False,3.066,0.8295
86,4,30.77,24.4,62.6,1,R32,1.8706,16.8,16.8,True,49.92,False,4.376,0.4274
86,5,30.69,22.7,31.4,4,R32,2.7573,4.87,4.87,True,63.33,False,2.378,1.1595
87,22,34.1,24.3,51.5,4,R32,3.2465,13.66,13.66,True,72.2,False,2.45,1.3252
87,23,32.44,23.4,51.1,1,R32,2.5896,12.71,12.71,True,61.36,False,2.938,0.8814
87,0,31.41,23.7,64.3,3,R32,2.5309,16.56,16.56,True,58.62,False,3.444,0.7349
87,1,30.05,23.5,77.1,4,R32,2.3679,19.25,19.25,True,54.54,False,4.143,0.5715
87,2,30.15,22.0,63.4,1,R32,2.3514,14.73,14.73,True,55.27,False,3.551,0.6622
87,3,30.23,23.3,57.8,3,R32,2.3214,14.52,14.52,True,55.02,False,3.551,0.6538
87,4,29.48,21.5,59.5,1,R32,2.3042,13.28,13.28,True,54.16,False,3.503,0.6578
87,5,31.13,22.7,49.4,3,R32,2.7273,11.56,11.56,True,61.9,False,2.828,0.9645
88,22,34.42,23.4,50.6,1,R32,3.1255,12.56,12.56,True,71.15,False,2.438,1.2818
88,23,32.57,22.9,52.1,1,R32,2.7618,12.55,12.55,True,63.86,False,2.784,0.992
88,0,32.2,20.7,69.6,2,R32,3.4055,14.94,14.94,True,71.78,False,2.534,1.3438
88,1,30.14,20.9,62.2,1,R32,2.6438,13.39,13.39,True,59.21,False,3.127,0.8455
88,2,29.84,20.4,41.6,2,R32,2.8478,6.91,6.91,True,63.09,False,2.493,1.1425
88,3,30.73,22.2,40.0,1,R32,2.4528,7.95,7.95,True,58.52,False,2.779,0.8826
88,4,30.99,24.7,40.8,3,R32,2.1484,10.49,10.49,True,54.44,False,3.226,0.6659
88,5,30.97,23.7,71.0,4,R32,2.5629,18.13,18.13,True,58.2,False,3.634,0.7053
89,22,33.12,21.6,59.1,2,R32,3.4108,13.27,13.27,True,73.5,False,2.378,1.4346
89,23,32.46,23.6,54.5,2,R32,2.6935,13.89,13.89,True,62.52,False,2.951,0.9126
89,0,32.37,22.1,47.3,3,R32,3.222,10.35,10.35,True,70.64,False,2.351,1.3703
89,1,31.68,21.8,55.4,3,R32,3.1189,12.47,12.47,True,67.73,False,2.584,1.2071
89,2,30.11,20.8,43.9,2,R32,2.8149,8.06,8.06,True,62.68,False,2.574,1.0936
89,3,29.39,21.8,60.2,3,R32,2.4997,13.74,13.74,True,56.42,False,3.361,0.7438
89,4,30.11,23.3,57.4,4,R32,2.4399,14.41,14.41,True,56.38,False,3.425,0.7123
89,5,30.18,23.2,44.5,1,R32,2.0336,10.44,10.44,True,52.1,False,3.403,0.5976
90,22,34.19,21.3,64.8,1,R32,3.6305,14.4,14.4,True,77.78,False,2.269,1.6004
90,23,33.42,20.5,57.0,2,R32,3.7886,11.69,11.69,True,77.61,True,2.16,1.7537
90,0,31.33,23.4,75.0,1,R32,2.2921,18.71,18.71,True,55.21,False,3.998,0.5733
90,1,31.1,23.2,49.0,1,R32,2.2838,11.89,11.89,True,56.03,False,3.229,0.7073
90,2,29.25,23.8,61.9,4,R32,2.0715,16.05,16.05,True,50.64,False,4.181,0.4955
90,3,29.96,24.1,72.5,4,R32,2.1824,18.84,18.84,True,52.32,False,4.362,0.5004
90,4,29.65,22.8,58.8,4,R32,2.4495,14.31,14.31,True,55.98,False,3.45,0.7101
90,5,30.78,23.4,58.6,3,R32,2.4431,14.82,14.82,True,57.12,False,3.404,0.7177
91,22,34.76,25.1,39.5,4,R32,3.207,10.36,10.36,True,73.36,False,2.25,1.4253
91,23,32.91,23.9,41.5,1,R32,2.5837,10.02,10.02,True,62.41,False,2.703,0.956
91,0,31.68,23.9,46.6,4,R32,2.7006,11.77,11.77,True,62.14,False,2.828,0.9549
91,1,30.15,22.6,63.4,2,R32,2.3378,15.3,15.3,True,54.99,False,3.633,0.6435
91,2,30.58,25.2,48.0,4,R32,2.0525,13.41,13.41,True,52.33,False,3.681,0.5576
91,3,30.14,24.2,51.0,3,R32,2.0548,13.42,13.42,True,51.86,False,3.728,0.5512
91,4,29.33,23.3,72.0,4,R32,2.2281,17.97,17.97,True,52.27,False,4.243,0.5252
91,5,31.08,22.4,72.6,1,R32,2.4932,17.23,17.23,True,57.64,False,3.593,0.6938
92,22,34.35,26.0,45.6,2,R32,2.5542,13.35,13.35,True,63.01,False,2.884,0.8856
92,23,31.67,22.4,71.4,2,R32,2.8031,16.97,16.97,True,62.34,False,3.198,0.8766
92,0,31.96,21.5,35.6,4,R32,3.4248,5.63,5.63,True,74.63,False,2.02,1.6953
92,1,29.45,23.6,49.2,2,R32,1.8789,12.32,12.32,True,49.15,False,3.876,0.4848
92,2,29.84,24.3,50.4,4,R32,2.0958,13.33,13.33,True,52.02,False,3.702,0.5661
92,3,29.97,20.5,74.5,3,R32,3.0075,15.81,15.81,True,63.27,False,3.044,0.9879
92,4,30.65,23.0,58.0,2,R32,2.3643,14.29,14.29,True,56.08,False,3.439,0.6874
92,5,30.44,23.0,53.2,2,R32,2.3098,12.96,12.96,True,55.4,False,3.371,0.6853
93,22,33.53,22.6,64.5,1,R32,3.1024,15.56,15.56,True,68.95,False,2.704,1.1473
93,23,32.7,22.7,70.2,4,R32,3.3001,16.99,16.99,True,70.31,False,2.721,1.2129
93,0,30.86,21.3,56.2,3,R32,3.0302,12.22,12.22,True,65.55,False,2.676,1.1325
93,1,29.67,24.3,44.6,2,R32,1.75,11.47,11.47,True,48.0,False,3.896,0.4492
93,2,30.46,23.8,61.6,4,R32,2.3971,15.98,15.98,True,55.96,False,3.616,0.6629
93,3,29.84,23.9,69.8,1,R32,1.7547,18.05,18.05,True,47.42,False,4.958,0.3539
93,4,30.59,23.0,67.8,3,R32,2.4997,16.73,16.73,True,57.25,False,3.577,0.6988
93,5,29.38,23.5,29.1,1,R32,1.7382,4.48,4.48,True,48.46,False,3.156,0.5507
94,22,34.25,23.7,60.0,1,R32,2.9985,15.47,15.47,True,68.4,False,2.726,1.0998
94,23,32.86,20.0,42.2,4,R32,4.0709,6.76,6.76,True,77.61,True,1.975,2.0609
94,0,30.83,24.1,56.3,2,R32,2.118,14.86,14.86,True,53.18,False,3.757,0.5637
94,1,31.71,20.0,61.6,2,R32,3.4611,12.4,12.4,True,72.74,False,2.366,1.4629
94,2,29.74,21.1,52.4,1,R32,2.4816,10.97,10.97,True,57.14,False,3.077,0.8064
94,3,29.81,22.0,42.8,3,R32,2.5576,8.77,8.77,True,58.66,False,2.825,0.9053
94,4,30.07,22.1,46.2,4,R32,2.7529,10.0,10.0,True,61.33,False,2.758,0.9982
94,5,30.24,23.4,55.5,1,R32,1.9973,13.98,13.98,True,51.2,False,3.857,0.5178
95,22,32.74,20.2,77.5,3,R32,3.8352,16.14,16.14,True,77.61,True,2.353,1.6299
95,23,32.72,21.9,62.8,2,R32,3.2206,14.49,14.49,True,69.9,False,2.596,1.2408
95,0,32.06,22.6,61.6,1,R32,2.7034,14.85,14.85,True,61.95,False,3.057,0.8844
95,1,31.98,22.9,78.2,1,R32,2.6029,18.9,18.9,True,59.74,False,3.575,0.728
95,2,29.62,22.4,43.1,1,R32,2.0985,9.24,9.24,True,52.46,False,3.267,0.6424
95,3,30.37,24.1,68.3,2,R32,1.994,17.89,17.89,True,50.74,False,4.43,0.4501
95,4,28.54,23.4,54.5,3,R32,1.8386,13.7,13.7,True,47.47,False,4.247,0.4329
95,5,30.19,22.6,59.4,2,R32,2.3504,14.28,14.28,True,55.38,False,3.497,0.6722
96,22,33.85,25.6,59.5,4,R32,2.8268,17.12,17.12,True,65.21,False,3.018,0.9366
96,23,32.71,22.5,51.7,2,R32,3.0558,12.06,12.06,True,68.2,False,2.54,1.2029
96,0,31.29,25.1,59.0,1,R32,1.8225,16.52,16.52,True,49.99,False,4.327,0.4211
96,1,30.46,22.5,54.9,2,R32,2.4504,12.98,12.98,True,57.2,False,3.235,0.7574
96,2,30.89,22.3,54.5,4,R32,2.9182,12.68,12.68,True,63.92,False,2.789,1.0464
96,3,30.01,23.0,47.9,3,R32,2.3422,11.36,11.36,True,55.6,False,3.216,0.7282
96,4,30.44,23.1,57.3,1,R32,2.1322,14.2,14.2,True,53.01,False,3.702,0.576
96,5,30.31,24.2,20.0,2,R32,1.949,-0.2,1.0,True,52.67,False,2.653,0.7347
97,22,32.54,23.9,47.4,4,R32,2.933,12.03,12.03,True,66.28,False,2.628,1.116
97,23,31.75,25.3,64.7,4,R32,2.3407,18.17,18.17,True,56.37,False,3.813,0.6138
97,0,32.48,22.6,70.5,3,R32,3.1182,16.96,16.96,True,67.53,False,2.869,1.087
97,1,31.21,24.7,50.1,4,R32,2.3581,13.61,13.61,True,56.78,False,3.321,0.7101
97,2,30.01,23.0,62.2,3,R32,2.3428,15.38,15.38,True,54.88,False,3.652,0.6415
97,3,30.36,23.2,48.1,1,R32,2.0837,11.61,11.61,True,52.74,False,3.461,0.602
97,4,30.97,23.6,64.0,2,R32,2.2897,16.39,16.39,True,55.16,False,3.734,0.6132
97,5,31.01,24.0,44.0,3,R32,2.3414,10.99,10.99,True,56.81,False,3.101,0.7551
98,22,33.39,22.3,58.6,1,R32,3.1433,13.79,13.79,True,69.81,False,2.561,1.2272
98,23,32.72,24.0,37.4,1,R32,2.5055,8.56,8.56,True,61.44,False,2.664,0.9405
98,0,31.88,23.5,77.4,2,R32,2.5629,19.32,19.32,True,59.04,False,3.681,0.6962
98,1,31.28,21.9,34.6,3,R32,2.9831,5.57,5.57,True,67.12,False,2.264,1.3175
98,2,29.61,22.0,41.9,3,R32,2.5041,8.46,8.46,True,57.79,False,2.854,0.8773
98,3,29.48,24.4,65.3,4,R32,1.9703,17.46,17.46,True,49.52,False,4.534,0.4346
98,4,30.25,22.3,68.9,2,R32,2.4464,16.31,16.31,True,56.26,False,3.623,0.6753
98,5,30.36,22.9,61.5,2,R32,2.3151,15.1,15.1,True,55.0,False,3.613,0.6408
99,22,32.98,24.3,57.1,1,R32,2.4935,15.26,15.26,True,60.24,False,3.206,0.7777
99,23,32.76,24.9,56.4,1,R32,2.2724,15.63,15.63,True,57.14,False,3.478,0.6534
99,0,30.79,24.1,36.7,3,R32,2.2551,8.37,8.37,True,55.93,False,2.96,0.7618
99,1,30.97,23.9,61.3,4,R32,2.5088,16.0,16.0,True,57.94,False,3.447,0.7279
99,2,29.68,23.9,58.1,4,R32,2.1609,15.16,15.16,True,52.33,False,3.878,0.5573
99,3,29.61,22.4,48.9,1,R32,2.0955,11.13,11.13,True,52.1,False,3.469,0.6041
99,4,29.9,23.7,48.5,2,R32,1.9739,12.19,12.19,True,50.8,False,3.695,0.5341
99,5,30.64,22.5,72.0,2,R32,2.4975,17.2,17.2,True,57.18,False,3.631,0.6879
100,22,33.42,24.1,59.0,3,R32,2.9658,15.59,15.59,True,66.92,False,2.812,1.0546
100,23,32.6,23.9,65.7,2,R32,2.6488,17.09,17.09,True,61.41,False,3.274,0.8091
100,0,32.07,21.8,59.4,1,R32,2.9231,13.53,13.53,True,65.21,False,2.774,1.0539
100,1,30.77,26.0,40.9,4,R32,1.8876,11.69,11.69,True,50.82,False,3.639,0.5186
100,2,29.47,22.6,54.5,3,R32,2.3048,12.96,12.96,True,54.22,False,3.467,0.6647
100,3,29.83,22.7,54.6,4,R32,2.5248,13.08,13.08,True,57.38,False,3.23,0.7815
100,4,29.36,24.0,71.0,4,R32,2.0469,18.41,18.41,True,50.13,False,4.597,0.4453
100,5,30.96,23.1,41.7,2,R32,2.4214,9.38,9.38,True,58.1,False,2.899,0.8351
101,22,34.8,24.5,58.0,1,R32,2.9312,15.69,15.69,True,68.09,False,2.756,1.0635
101,23,33.01,23.3,47.8,3,R32,3.073,11.61,11.61,True,68.93,False,2.484,1.2373
101,0,32.41,22.3,38.8,3,R32,3.1806,7.59,7.59,True,70.87,False,2.219,1.4336
101,1,30.23,22.5,66.5,2,R32,2.3859,15.95,15.95,True,55.56,False,3.649,0.6538
101,2,30.28,20.0,62.5,1,R32,2.9252,12.62,12.62,True,63.3,False,2.819,1.0377
101,3,30.42,24.0,55.1,1,R32,1.8831,14.43,14.43,True,49.99,False,4.043,0.4657
101,4,30.77,24.8,61.7,1,R32,1.7623,16.95,16.95,True,48.67,False,4.572,0.3855
101,5,30.46,22.2,56.8,3,R32,2.6805,13.22,13.22,True,60.12,False,3.053,0.8779
102,22,34.18,25.0,46.1,4,R32,3.0776,12.61,12.61,True,70.15,False,2.483,1.2395
102,23,32.07,22.5,70.3,4,R32,3.1845,16.82,16.82,True,67.97,False,2.834,1.1235
102,0,31.09,25.7,66.4,2,R32,1.7551,18.97,0.63,False,51.11,False,2.712,0.6472
102,1,30.82,23.3,50.2,1,R32,2.1797,12.35,12.35,True,54.32,False,3.401,0.6409
102,2,30.97,24.3,60.0,2,R32,2.0999,16.04,16.04,True,52.93,False,3.919,0.5358
102,3,30.14,23.4,63.6,2,R32,2.1202,16.1,16.1,True,52.22,False,4.004,0.5295
102,4,29.37,22.5,35.1,4,R32,2.4554,6.31,6.31,True,57.3,False,2.74,0.8961
102,5,30.86,23.3,51.4,4,R32,2.6403,12.71,12.71,True,60.16,False,3.012,0.8766
103,22,33.26,22.8,54.1,2,R32,3.1251,13.03,13.03,True,69.6,False,2.529,1.2355
103,23,32.07,23.3,63.9,3,R32,2.8168,16.08,16.08,True,63.19,False,3.07,0.9175
103,0,31.5,24.2,60.1,3,R32,2.4211,15.97,15.97,True,57.47,False,3.483,0.6951
103,1,30.3,21.5,72.9,3,R32,2.8266,16.43,16.43,True,61.13,False,3.239,0.8725
103,2,30.54,22.1,58.0,3,R32,2.73,13.45,13.45,True,60.81,False,3.025,0.9024
103,3,30.33,23.9,56.9,1,R32,1.8859,14.83,14.83,True,49.87,False,4.11,0.4589
103,4,29.9,22.3,59.1,2,R32,2.3514,13.92,13.92,True,55.12,False,3.485,0.6748
103,5,30.69,23.7,32.9,2,R32,2.1878,6.42,6.42,True,55.3,False,2.86,0.765
104,22,33.41,20.7,49.1,4,R32,4.0311,9.63,9.63,True,77.61,True,2.08,1.9382
104,23,32.14,24.8,24.6,1,R32,2.131,3.2,3.2,True,56.78,False,2.578,0.8265
104,0,30.25,22.3,47.6,4,R32,2.7468,10.63,10.63,True,61.32,False,2.799,0.9813
104,1,31.11,22.3,68.1,4,R32,2.9785,16.13,16.13,True,64.17,False,3.01,0.9894
104,2,29.7,23.3,62.1,3,R32,2.1793,15.63,15.63,True,52.5,False,3.916,0.5565
104,3,29.47,24.3,73.0,2,R32,1.6969,19.15,0.06,False,48.64,False,2.812,0.6035
104,4,30.12,21.4,41.0,3,R32,2.8045,7.6,7.6,True,62.66,False,2.549,1.1001
104,5,30.49,22.8,67.4,3,R32,2.526,16.44,16.44,True,57.51,False,3.526,0.7164
105,22,34.03,22.2,53.6,1,R32,3.3447,12.33,12.33,True,73.93,False,2.317,1.4434
105,23,31.9,22.2,41.9,2,R32,2.9178,8.64,8.64,True,66.13,False,2.45,1.1907
105,0,31.92,24.0,50.0,3,R32,2.5882,12.93,12.93,True,60.69,False,2.995,0.8641
105,1,30.93,23.3,42.5,4,R32,2.6602,9.84,9.84,True,61.14,False,2.758,0.9644
105,2,29.78,24.3,54.4,4,R32,2.0796,14.51,14.51,True,51.58,False,3.88,0.536
105,3,28.93,24.1,78.5,2,R32,1.6051,20.12,1.17,False,46.76,False,3.009,0.5335
105,4,29.69,24.6,51.7,3,R32,1.825,14.0,14.0,True,48.56,False,4.154,0.4393
105,5,31.08,21.9,75.3,4,R32,3.0785,17.33,17.33,True,65.19,False,3.035,1.0144
106,22,33.3,22.6,77.8,2,R32,3.1899,18.53,18.53,True,69.11,False,2.883,1.1063
106,23,33.22,22.6,67.0,4,R32,3.4672,16.16,16.16,True,73.58,False,2.519,1.3763
106,0,29.95,24.3,44.3,2,R32,1.8255,11.37,11.37,True,49.21,False,3.759,0.4856
106,1,30.65,22.7,57.8,3,R32,2.5977,13.96,13.96,True,59.11,False,3.179,0.8172
106,2,29.55,22.2,48.4,1,R32,2.1343,10.79,10.79,True,52.57,False,3.398,0.6281
106,3,30.24,25.3,79.4,2,R32,1.6347,21.48,1.95,False,48.47,False,2.956,0.553
106,4,29.7,21.5,48.6,3,R32,2.665,10.21,10.21,True,59.66,False,2.865,0.9303
106,5,31.13,24.9,44.5,1,R32,1.8322,11.98,11.98,True,50.53,False,3.698,0.4955
107,22,33.09,23.7,41.8,2,R32,2.8366,9.95,9.95,True,66.11,False,2.52,1.1255
107,23,32.62,26.0,82.2,3,R32,2.2365,22.73,22.73,True,55.37,False,4.532,0.4934
107,0,31.35,23.6,71.2,2,R32,2.3925,18.08,18.08,True,56.56,False,3.784,0.6322
107,1,30.79,23.6,35.0,1,R32,2.0916,7.24,7.24,True,54.04,False,2.995,0.6983
107,2,29.86,21.6,43.8,2,R32,2.5301,8.75,8.75,True,58.36,False,2.841,0.8906
107,3,29.31,23.6,71.4,1,R32,1.6909,18.12,18.12,True,46.11,False,5.204,0.3249
107,4,30.83,22.7,54.5,2,R32,2.4958,13.05,13.05,True,58.19,False,3.17,0.7873
107,5,29.65,25.8,56.4,1,R32,1.1893,16.47,8.81,False,41.89,False,4.262,0.279
108,22,33.06,25.1,50.4,1,R32,2.2992,14.07,14.07,True,58.09,False,3.262,0.7049
108,23,32.4,21.2,62.8,3,R32,3.4739,13.82,13.82,True,73.36,False,2.41,1.4414
108,0,31.15,24.3,47.2,4,R32,2.4487,12.33,12.33,True,58.1,False,3.119,0.7851
108,1,30.34,24.1,49.6,1,R32,1.835,12.9,12.9,True,49.55,False,3.903,0.4702
108,2,29.67,23.4,54.5,1,R32,1.8423,13.7,13.7,True,48.77,False,4.089,0.4505
108,3,29.42,22.4,30.4,1,R32,2.0441,4.15,4.15,True,52.37,False,2.875,0.711
108,4,29.99,21.7,45.2,1,R32,2.3882,9.31,9.31,True,56.55,False,2.99,0.7988
108,5,30.01,21.1,60.6,3,R32,2.8562,13.18,13.18,True,61.92,False,2.938,0.9723
109,22,33.01,23.5,46.2,1,R32,2.7188,11.27,11.27,True,64.08,False,2.693,1.0096
109,23,32.58,23.3,57.6,4,R32,3.1067,14.46,14.46,True,68.14,False,2.679,1.1595
109,0,30.71,22.8,73.4,3,R32,2.5857,17.79,17.79,True,58.25,False,3.596,0.7191
109,1,30.38,20.5,47.1,1,R32,2.8181,8.83,8.83,True,62.87,False,2.609,1.0802
109,2,29.85,23.4,53.6,1,R32,1.8928,13.45,13.45,True,49.61,False,3.962,0.4777
109,3,29.76,21.4,61.6,4,R32,2.8567,13.72,13.72,True,61.49,False,3.002,0.9516
109,4,30.0,23.8,43.4,2,R32,1.9736,10.6,10.6,True,51.15,False,3.5,0.564
109,5,29.71,25.9,49.2,1,R32,1.1789,14.43,9.06,False,41.82,False,4.308,0.2737
110,22,33.82,25.2,47.8,3,R32,2.777,13.34,13.34,True,65.36,False,2.754,1.0085
110,23,31.95,23.0,57.8,4,R32,3.0163,14.24,14.24,True,66.17,False,2.767,1.0901
110,0,30.77,21.3,41.9,2,R32,2.857,7.83,7.83,True,64.12,False,2.496,1.1448
110,1,30.44,24.3,53.7,3,R32,2.1067,14.31,14.31,True,52.68,False,3.746,0.5624
110,2,29.65,20.6,69.5,4,R32,3.0422,14.82,14.82,True,63.58,False,2.953,1.0302
110,3,30.05,21.8,48.3,4,R32,2.8284,10.39,10.39,True,62.24,False,2.734,1.0345
110,4,30.1,24.0,62.6,2,R32,1.9462,16.42,16.42,True,50.09,False,4.301,0.4525
110,5,29.59,24.1,60.3,2,R32,1.7813,15.93,15.93,True,47.69,False,4.55,0.3915
111,22,33.93,21.3,45.1,2,R32,3.7099,8.91,8.91,True,77.61,True,2.053,1.8071
111,23,31.68,23.2,62.4,4,R32,2.8888,15.61,15.61,True,63.78,False,2.998,0.9637
111,0,31.14,25.6,54.2,2,R32,1.7969,15.66,15.66,True,49.64,False,4.249,0.4229
111,1,29.1,23.6,47.3,1,R32,1.6354,11.72,0.24,False,47.44,False,2.896,0.5647
111,2,30.26,23.2,70.2,4,R32,2.506,17.47,17.47,True,56.79,False,3.695,0.6782
111,3,29.03,21.6,57.3,3,R32,2.4573,12.79,12.79,True,55.65,False,3.336,0.7366
111,4,30.86,24.2,52.4,1,R32,1.9477,13.84,13.84,True,51.33,False,3.827,0.5089
111,5,30.73,24.2,46.4,2,R32,2.0624,11.98,11.98,True,52.84,False,3.489,0.5912
112,22,32.52,26.0,73.2,4,R32,2.3612,20.83,20.83,True,57.05,False,4.058,0.5818
112,23,32.36,24.5,58.8,4,R32,2.7212,15.91,15.91,True,62.31,False,3.114,0.8738
112,0,29.91,23.9,54.2,3,R32,2.0735,14.08,14.08,True,51.72,False,3.815,0.5434
112,1,30.44,23.0,49.4,2,R32,2.3075,11.83,11.83,True,55.57,False,3.258,0.7083
112,2,30.0,21.0,60.8,2,R32,2.7298,13.14,13.14,True,60.23,False,3.04,0.8981
112,3,28.57,23.4,60.3,2,R32,1.695,15.27,15.27,True,45.67,False,4.744,0.3573
112,4,28.37,22.5,68.8,1,R32,1.734,16.48,16.48,True,45.74,False,4.95,0.3503
112,5,29.85,21.2,57.4,2,R32,2.6365,12.45,12.45,True,58.99,False,3.068,0.8593
113,22,32.24,20.0,49.6,3,R32,3.7548,9.14,9.14,True,77.61,True,2.061,1.8216
113,23,32.28,23.3,42.0,1,R32,2.5737,9.66,9.66,True,61.6,False,2.722,0.9454
113,0,30.43,20.0,59.9,2,R32,3.1174,11.97,11.97,True,66.32,False,2.623,1.1884
113,1,30.0,22.2,57.7,3,R32,2.557,13.46,13.46,True,57.92,False,3.223,0.7933
113,2,29.31,23.1,25.1,2,R32,1.9768,2.04,2.04,True,51.73,False,2.769,0.7139
113,3,29.05,24.8,73.4,4,R32,1.7477,19.72,19.72,True,46.25,False,5.518,0.3167
113,4,30.65,23.7,53.4,3,R32,2.3266,13.67,13.67,True,55.72,False,3.41,0.6823
113,5,29.69,25.3,55.8,3,R32,1.6358,15.83,1.93,False,47.88,False,2.994,0.5464
114,22,32.75,23.3,63.6,4,R32,3.151,16.01,16.01,True,68.55,False,2.752,1.1452
114,23,30.66,22.0,32.7,3,R32,2.7894,4.85,4.85,True,63.76,False,2.359,1.1823
114,0,30.58,22.6,42.2,2,R32,2.4545,9.1,9.1,True,58.14,False,2.878,0.8529
114,1,28.99,20.4,58.6,3,R32,2.7698,12.01,12.01,True,59.81,False,2.983,0.9286
114,2,28.84,22.4,58.8,2,R32,2.0397,13.94,13.94,True,50.13,False,3.967,0.5142
114,3,29.19,22.3,48.5,4,R32,2.4615,10.91,10.91,True,56.26,False,3.132,0.7859
114,4,29.66,24.5,55.2,3,R32,1.8423,14.92,14.92,True,48.6,False,4.277,0.4307
114,5,29.12,21.7,41.6,2,R32,2.303,8.08,8.08,True,54.67,False,3.018,0.763
115,22,33.18,24.0,39.8,2,R32,2.7791,9.49,9.49,True,65.52,False,2.522,1.102
115,23,32.86,22.7,53.9,1,R32,2.8938,12.88,12.88,True,65.92,False,2.696,1.0732
115,0,31.78,22.2,51.4,1,R32,2.7369,11.7,11.7,True,62.77,False,2.789,0.9814
115,1,30.17,22.4,51.8,1,R32,2.2492,12.0,12.0,True,54.51,False,3.354,0.6706
115,2,29.4,23.5,54.3,4,R32,2.1929,13.74,13.74,True,52.63,False,3.688,0.5945
115,3,30.07,23.7,51.6,2,R32,2.0205,13.14,13.14,True,51.41,False,3.74,0.5402
115,4,29.38,22.9,73.1,1,R32,1.8984,17.82,17.82,True,48.54,False,4.737,0.4008
115,5,29.6,23.4,58.6,3,R32,2.1227,14.82,14.82,True,51.83,False,3.891,0.5456
116,22,32.91,23.9,46.5,3,R32,2.8835,11.74,11.74,True,66.12,False,2.619,1.1008
116,23,32.3,22.7,38.6,2,R32,2.8915,7.87,7.87,True,66.44,False,2.399,1.2051
116,0,31.02,21.3,46.4,4,R32,3.2232,9.33,9.33,True,69.27,False,2.356,1.3678
116,1,29.34,23.3,42.3,3,R32,2.0801,9.77,9.77,True,51.83,False,3.363,0.6185
116,2,29.69,23.4,52.7,3,R32,2.1479,13.19,13.19,True,52.5,False,3.641,0.5899
116,3,28.83,22.3,43.6,2,R32,2.0635,9.32,9.32,True,51.12,False,3.379,0.6107
116,4,29.23,22.2,47.9,3,R32,2.3484,10.63,10.63,True,54.91,False,3.205,0.7328
116,5,29.89,22.8,54.7,3,R32,2.3646,13.2,13.2,True,55.4,False,3.393,0.697
117,22,32.98,22.4,53.9,4,R32,3.4556,12.6,12.6,True,74.18,False,2.32,1.4894
117,23,31.7,24.4,31.4,2,R32,2.2722,6.35,6.35,True,57.58,False,2.728,0.8329
117,0,29.65,23.5,42.8,3,R32,2.1108,10.12,10.12,True,52.5,False,3.342,0.6316
117,1,30.46,23.1,41.7,3,R32,2.4365,9.38,9.38,True,57.71,False,2.923,0.8337
117,2,29.34,22.1,60.2,1,R32,2.1042,14.02,14.02,True,51.44,False,3.837,0.5484
117,3,29.51,21.3,44.7,4,R32,2.8164,8.78,8.78,True,61.81,False,2.658,1.0595
117,4,28.21,22.1,63.1,1,R32,1.7986,14.75,14.75,True,46.5,False,4.534,0.3967
117,5,29.43,23.5,61.2,1,R32,1.7516,15.59,15.59,True,47.23,False,4.564,0.3838
118,22,32.25,20.6,40.2,2,R32,3.4454,6.59,6.59,True,75.0,False,2.044,1.6852
118,23,31.73,22.0,43.5,3,R32,3.0777,9.01,9.01,True,68.13,False,2.386,1.2897
118,0,30.53,22.7,45.3,2,R32,2.4136,10.25,10.25,True,57.32,False,3.01,0.8018
118,1,29.03,22.9,53.9,2,R32,1.9549,13.07,13.07,True,49.46,False,3.932,0.4972
118,2,29.28,22.4,43.7,2,R32,2.1574,9.44,9.44,True,52.77,False,3.261,0.6616
118,3,29.53,21.1,41.9,1,R32,2.4265,7.65,7.65,True,56.84,False,2.854,0.8502
118,4,29.06,20.9,64.1,1,R32,2.352,13.86,13.86,True,54.16,False,3.561,0.6606
118,5,29.15,23.2,41.5,2,R32,1.9062,9.39,9.39,True,49.55,False,3.518,0.5418
119,22,32.15,22.5,45.6,2,R32,2.905,10.17,10.17,True,65.88,False,2.543,1.1424
119,23,32.4,22.9,49.4,3,R32,3.0158,11.74,11.74,True,67.34,False,2.562,1.1773
119,0,30.93,24.7,67.6,3,R32,2.1327,18.3,18.3,True,52.93,False,4.208,0.5068
119,1,29.91,20.5,30.2,2,R32,2.8403,2.41,2.41,True,64.19,False,2.23,1.2737
119,2,29.7,20.2,50.5,1,R32,2.7157,9.59,9.59,True,60.48,False,2.778,0.9776
119,3,29.37,20.5,48.6,3,R32,2.844,9.29,9.29,True,61.9,False,2.685,1.0594
119,4,30.16,23.4,63.0,2,R32,2.1243,15.95,15.95,True,52.31,False,3.976,0.5343
119,5,29.34,23.4,85.0,3,R32,2.0537,20.73,20.73,True,49.85,False,5.047,0.4069
120,22,33.29,23.7,69.2,1,R32,2.7383,17.72,17.72,True,63.25,False,3.194,0.8573
120,23,30.83,21.5,50.9,4,R32,3.12,10.9,10.9,True,67.13,False,2.526,1.2351
120,0,30.94,21.4,62.4,1,R32,2.7263,13.91,13.91,True,61.14,False,3.04,0.8969
120,1,28.92,21.1,64.2,2,R32,2.4115,14.07,14.07,True,54.7,False,3.534,0.6823
120,2,29.38,21.5,44.8,2,R32,2.4278,8.99,8.99,True,56.41,False,2.975,0.816
120,3,29.79,20.6,75.3,1,R32,2.6313,16.07,16.07,True,58.09,False,3.442,0.7645
120,4,29.02,23.0,52.8,4,R32,2.2255,12.84,12.84,True,52.74,False,3.584,0.6209
120,5,29.52,25.3,53.9,3,R32,1.5886,15.29,2.61,False,47.02,False,3.104,0.5117
121,22,31.91,23.3,67.1,2,R32,2.625,16.85,16.85,True,60.35,False,3.333,0.7875
121,23,30.72,24.9,50.0,1,R32,1.7216,13.76,0.31,False,50.31,False,2.734,0.6297
121,0,31.41,25.9,45.7,2,R32,1.7881,13.29,0.36,False,51.93,False,2.651,0.6744
121,1,29.64,23.6,58.7,2,R32,1.9318,15.04,15.04,True,49.6,False,4.168,0.4634
121,2,29.41,21.9,57.7,4,R32,2.6274,13.18,13.18,True,58.19,False,3.181,0.826
121,3,27.86,24.3,49.0,4,R32,1.5609,12.9,2.0,False,44.92,False,3.205,0.487
121,4,29.07,23.4,62.8,4,R32,2.1321,15.9,15.9,True,51.18,False,4.097,0.5204
121,5,28.96,22.8,42.4,2,R32,1.9634,9.35,9.35,True,50.04,False,3.472,0.5655
122,22,32.07,24.8,63.0,3,R32,2.4124,17.28,17.28,True,57.78,False,3.585,0.6729
122,23,32.57,23.3,52.1,1,R32,2.6529,12.92,12.92,True,62.31,False,2.896,0.9161
122,0,29.91,23.4,73.4,3,R32,2.2086,18.37,18.37,True,52.65,False,4.252,0.5194
122,1,29.18,24.0,51.1,1,R32,1.5488,13.27,1.87,False,46.25,False,3.099,0.4999
122,2,28.53,25.0,69.0,3,R32,1.402,18.91,4.97,False,43.44,False,3.615,0.3878
122,3,28.99,25.0,57.7,3,R32,1.5261,16.08,3.2,False,45.61,False,3.258,0.4684
122,4,29.93,20.6,38.3,3,R32,2.9681,5.89,5.89,True,65.17,False,2.353,1.2612
122,5,29.22,21.3,54.3,4,R32,2.7378,11.7,11.7,True,59.73,False,2.965,0.9233
123,22,33.39,20.0,70.3,2,R32,3.9157,14.43,14.43,True,77.61,True,2.276,1.7207
123,23,31.54,20.0,51.9,2,R32,3.4151,9.81,9.81,True,72.63,False,2.252,1.5164
123,0,31.02,24.7,45.5,3,R32,2.1571,12.13,12.13,True,54.31,False,3.382,0.6379
123,1,29.26,24.3,69.5,4,R32,1.9405,18.36,18.36,True,48.82,False,4.786,0.4055
123,2,29.67,24.6,61.4,2,R32,1.6677,16.68,0.78,False,48.39,False,2.876,0.5798
123,3,29.05,24.0,68.2,1,R32,1.5139,17.77,2.37,False,45.63,False,3.185,0.4754
123,4,28.73,20.4,67.5,3,R32,2.6989,14.18,14.18,True,58.1,False,3.271,0.825
123,5,29.71,23.4,37.0,2,R32,2.0049,7.87,7.87,True,51.62,False,3.212,0.6242
124,22,32.44,21.5,68.5,4,R32,3.5526,15.46,15.46,True,74.06,False,2.462,1.4429
124,23,32.65,24.5,60.6,3,R32,2.6516,16.38,16.38,True,61.66,False,3.197,0.8294
124,0,30.93,26.0,62.9,3,R32,1.7824,18.38,0.54,False,51.3,False,2.696,0.6611
124,1,28.67,23.1,64.1,3,R32,1.9538,15.94,15.94,True,48.63,False,4.421,0.4419
124,2,28.28,24.3,66.0,1,R32,1.2238,17.54,6.82,False,40.96,False,4.1,0.2985
124,3,27.83,23.1,59.9,4,R32,1.8783,14.88,14.88,True,46.98,False,4.488,0.4186
124,4,28.45,25.0,48.8,1,R32,1.0818,13.48,9.55,False,39.37,False,4.74,0.2282
124,5,30.73,24.5,64.0,4,R32,2.2822,17.24,17.24,True,54.65,False,3.881,0.588
125,22,32.82,22.6,42.7,2,R32,3.0586,9.28,9.28,True,69.1,False,2.36,1.2958
125,23,31.93,23.9,57.2,3,R32,2.6169,14.92,14.92,True,60.66,False,3.149,0.8311
125,0,28.8,21.2,57.6,3,R32,2.5015,12.5,12.5,True,55.99,False,3.284,0.7617
125,1,28.77,24.6,48.7,1,R32,1.2759,13.08,6.37,False,42.12,False,3.909,0.3264
125,2,28.9,20.0,60.5,1,R32,2.5543,12.12,12.12,True,56.87,False,3.188,0.8013
125,3,28.1,23.5,54.6,2,R32,1.5419,13.82,1.47,False,45.02,False,3.153,0.489
125,4,29.81,21.3,78.9,2,R32,2.5971,17.49,17.49,True,57.39,False,3.642,0.7132
125,5,28.89,20.0,40.7,3,R32,2.8502,6.23,6.23,True,62.15,False,2.498,1.1409
126,22,32.56,23.2,54.1,3,R32,2.9764,13.4,13.4,True,66.56,False,2.695,1.1043
126,23,30.39,21.5,55.8,3,R32,2.8513,12.3,12.3,True,62.52,False,2.842,1.0033
126,0,29.58,22.5,41.6,1,R32,2.0603,8.8,8.8,True,52.01,False,3.263,0.6315
126,1,29.07,25.3,65.9,4,R32,1.6167,18.46,2.2,False,46.91,False,3.079,0.525
126,2,30.08,24.8,57.6,1,R32,1.5757,15.86,2.29,False,47.52,False,3.045,0.5175
126,3,29.23,21.7,42.7,4,R32,2.6323,8.47,8.47,True,59.04,False,2.784,0.9455
126,4,28.86,21.8,52.5,4,R32,2.505,11.65,11.65,True,56.27,False,3.191,0.785
126,5,29.76,23.2,67.2,3,R32,2.222,16.78,16.78,True,52.89,False,4.014,0.5536
127,22,33.42,20.9,61.1,4,R32,3.9809,13.12,13.12,True,77.61,True,2.219,1.7936
127,23,31.93,22.1,42.9,2,R32,2.953,8.9,8.9,True,66.6,False,2.444,1.2084
127,0,30.65,23.7,46.5,3,R32,2.3275,11.55,11.55,True,56.12,False,3.194,0.7287
127,1,29.74,21.2,69.1,2,R32,2.6062,15.31,15.31,True,57.87,False,3.389,0.7691
127,2,28.96,20.0,63.2,1,R32,2.5704,12.79,12.79,True,57.01,False,3.233,0.795
127,3,28.61,23.8,70.4,3,R32,1.7482,18.09,18.09,True,45.96,False,5.224,0.3347
127,4,28.35,24.3,52.9,4,R32,1.6932,14.08,0.11,False,47.34,False,2.893,0.5852
127,5,28.56,22.7,51.8,2,R32,1.8823,12.28,12.28,True,48.19,False,3.973,0.4737
128,22,31.38,22.2,47.7,2,R32,2.7792,10.57,10.57,True,63.12,False,2.699,1.0296
128,23,30.91,20.9,51.8,4,R32,3.3015,10.61,10.61,True,69.92,False,2.392,1.38
128,0,30.6,22.2,70.2,2,R32,2.5683,16.51,16.51,True,58.16,False,3.477,0.7386
128,1,29.25,20.0,36.9,1,R32,2.6474,4.82,4.82,True,60.08,False,2.515,1.0527
128,2,28.94,22.9,82.3,4,R32,2.2296,19.72,19.72,True,51.55,False,4.6,0.4847
128,3,28.99,23.0,51.0,2,R32,1.916,12.32,12.32,True,49.06,False,3.884,0.4933
128,4,29.46,23.8,36.5,3,R32,1.9789,8.03,8.03,True,50.99,False,3.272,0.6047
128,5,29.2,25.1,37.7,3,R32,1.5573,9.66,2.85,False,46.26,False,3.179,0.4898
129,22,31.84,22.4,49.3,2,R32,2.8495,11.25,11.25,True,64.48,False,2.671,1.0666
129,23,30.12,24.5,51.0,1,R32,1.6664,13.7,0.69,False,48.89,False,2.841,0.5866
129,0,28.41,22.5,52.6,4,R32,2.1952,12.32,12.32,True,51.75,False,3.62,0.6064
129,1,29.15,24.6,88.0,3,R32,1.6793,22.48,0.61,False,47.99,False,2.889,0.5813
129,2,28.63,24.5,57.1,1,R32,1.2661,15.45,6.41,False,41.86,False,3.943,0.3211
129,3,27.57,20.1,48.2,4,R32,2.6162,8.8,8.8,True,56.79,False,2.938,0.8905
129,4,28.25,24.2,35.3,1,R32,1.2427,7.89,6.45,False,41.18,False,4.025,0.3087
129,5,29.11,23.2,50.6,1,R32,1.746,12.38,12.38,True,47.21,False,4.099,0.426
130,22,32.58,20.0,68.8,3,R32,3.846,14.09,14.09,True,77.61,True,2.261,1.7009
130,23,31.62,22.3,72.4,4,R32,3.1156,17.09,17.09,True,66.4,False,2.943,1.0586
130,0,29.82,23.8,44.0,2,R32,1.9243,10.81,10.81,True,50.31,False,3.594,0.5354
130,1,29.64,21.1,54.6,4,R32,2.9046,11.59,11.59,True,62.49,False,2.797,1.0385
130,2,28.75,22.2,61.1,2,R32,2.0694,14.34,14.34,True,50.31,False,3.996,0.5178
130,3,29.45,24.7,47.0,1,R32,1.4315,12.63,4.25,False,44.87,False,3.415,0.4192
130,4,27.92,21.0,61.0,2,R32,2.1676,13.19,13.19,True,50.72,False,3.815,0.5682
130,5,28.75,22.9,76.1,1,R32,1.7284,18.46,18.46,True,45.86,False,5.323,0.3247
131,22,32.1,22.9,61.0,2,R32,2.7837,14.98,14.98,True,63.03,False,2.998,0.9286
131,23,30.38,22.1,64.9,4,R32,2.8353,15.19,15.19,True,61.62,False,3.105,0.9131
131,0,30.38,23.4,59.1,1,R32,2.0357,14.96,14.96,True,51.67,False,3.923,0.5189
131,1,29.04,22.2,79.9,2,R32,2.1463,18.56,18.56,True,50.89,False,4.512,0.4757
131,2,28.67,20.0,43.4,2,R32,2.6412,7.17,7.17,True,58.79,False,2.715,0.9727
131,3,29.18,20.4,77.6,1,R32,2.5197,16.35,16.35,True,55.91,False,3.659,0.6886
131,4,29.19,21.2,23.5,2,R32,2.4574,-0.48,1.0,True,58.22,False,2.396,1.0257
131,5,28.56,22.7,61.2,3,R32,2.0311,14.84,14.84,True,49.56,False,4.147,0.4898
132,22,31.75,21.1,80.2,2,R32,3.1768,17.55,17.55,True,67.29,False,2.923,1.087
132,23,31.57,22.7,35.0,4,R32,2.9943,6.44,6.44,True,67.4,False,2.293,1.3057
132,0,28.6,23.7,62.4,3,R32,1.7737,16.09,16.09,True,46.49,False,4.756,0.3729
132,1,29.85,23.1,38.1,1,R32,1.972,8.04,8.04,True,51.34,False,3.247,0.6074
132,2,27.61,22.9,48.6,1,R32,1.4229,11.49,2.57,False,42.94,False,3.415,0.4167
132,3,27.17,21.6,61.8,2,R32,1.804,13.95,13.95,True,45.51,False,4.549,0.3965
132,4,28.28,22.7,66.9,1,R32,1.6567,16.23,16.23,True,44.81,False,5.062,0.3273
132,5,28.24,22.0,51.3,3,R32,2.1337,11.48,11.48,True,50.95,False,3.606,0.5917
133,22,31.66,21.1,57.8,1,R32,3.001,12.46,12.46,True,66.05,False,2.664,1.1263
133,23,30.07,21.7,51.1,3,R32,2.7092,11.15,11.15,True,60.48,False,2.881,0.9402
133,0,29.46,23.1,66.2,2,R32,2.018,16.45,16.45,True,50.2,False,4.29,0.4704
133,1,28.8,24.8,60.8,1,R32,1.2306,16.71,7.22,False,41.57,False,4.081,0.3015
133,2,28.38,23.3,39.8,2,R32,1.6727,8.86,8.86,True,45.99,False,3.797,0.4405
133,3,28.19,23.8,48.2,2,R32,1.4862,12.19,2.57,False,44.33,False,3.301,0.4502
133,4,28.51,20.2,36.3,4,R32,2.8424,4.76,4.76,True,61.94,False,2.43,1.1696
133,5,29.81,22.4,59.8,3,R32,2.4504,14.2,14.2,True,56.2,False,3.421,0.7163
134,22,31.68,21.1,46.7,4,R32,3.4562,9.25,9.25,True,73.61,False,2.194,1.5754
134,23,29.88,24.8,35.3,4,R32,1.9713,8.42,8.42,True,51.31,False,3.282,0.6006
134,0,30.2,24.8,53.7,4,R32,2.057,14.77,14.77,True,51.74,False,3.894,0.5282
134,1,29.2,23.3,56.7,1,R32,1.7428,14.22,14.22,True,47.04,False,4.378,0.3981
134,2,27.52,24.5,59.0,1,R32,0.9644,15.96,10.72,False,37.04,False,5.393,0.1788
134,3,27.79,20.3,42.3,4,R32,2.6232,7.06,7.06,True,57.53,False,2.776,0.9448
134,4,28.58,24.2,45.3,3,R32,1.6313,11.61,0.9,False,46.72,False,2.99,0.5455
134,5,27.58,24.8,60.8,1,R32,0.9017,16.71,11.92,False,36.39,False,5.825,0.1548
135,22,31.43,23.6,63.3,1,R32,2.2654,16.22,16.22,True,55.43,False,3.69,0.614
135,23,30.78,22.3,44.2,3,R32,2.7389,9.52,9.52,True,62.09,False,2.688,1.0187
135,0,29.53,21.8,61.4,2,R32,2.3871,14.04,14.04,True,55.11,False,3.496,0.6827
135,1,29.48,21.8,71.6,3,R32,2.5236,16.44,16.44,True,56.3,False,3.632,0.6947
135,2,29.15,21.6,45.0,3,R32,2.4873,9.15,9.15,True,56.88,False,2.957,0.8411
135,3,28.29,23.0,52.3,2,R32,1.7296,12.7,12.7,True,46.07,False,4.282,0.4039
135,4,28.07,23.1,71.1,3,R32,1.7926,17.57,17.57,True,45.92,False,5.127,0.3496
135,5,28.09,22.2,59.9,3,R32,2.0405,14.04,14.04,True,49.27,False,4.076,0.5006
136,22,31.37,23.7,49.0,3,R32,2.5217,12.35,12.35,True,59.3,False,3.04,0.8294
136,23,30.13,24.2,47.8,2,R32,1.9016,12.43,12.43,True,50.17,False,3.784,0.5026
136,0,29.8,22.1,50.5,1,R32,2.229,11.34,11.34,True,53.94,False,3.339,0.6676
136,1,28.84,23.5,59.9,4,R32,2.0422,15.26,15.26,True,49.96,False,4.156,0.4914
136,2,28.18,21.8,56.8,1,R32,1.8722,12.85,12.85,True,47.57,False,4.118,0.4546
136,3,27.96,23.2,50.2,3,R32,1.7352,12.26,12.26,True,45.82,False,4.252,0.4081
136,4,27.28,23.0,66.9,2,R32,1.4567,16.52,2.19,False,43.02,False,3.372,0.432
136,5,28.04,23.0,53.4,4,R32,1.9614,13.02,13.02,True,48.43,False,4.04,0.4855
137,22,32.07,21.1,63.8,4,R32,3.5609,13.97,13.97,True,74.19,False,2.384,1.4935
137,23,30.5,24.4,46.5,3,R32,2.0967,12.19,12.19,True,52.96,False,3.499,0.5992
137,0,29.35,21.9,65.1,4,R32,2.6116,15.04,15.04,True,57.53,False,3.392,0.77
137,1,29.01,25.2,71.0,1,R32,1.1774,19.56,8.38,False,41.1,False,4.302,0.2737
137,2,27.86,22.8,69.3,4,R32,1.9659,16.88,16.88,True,47.73,False,4.701,0.4182
137,3,27.59,23.8,49.2,2,R32,1.3245,12.5,4.88,False,41.54,False,3.792,0.3493
137,4,27.01,23.3,56.1,3,R32,1.4512,14.05,2.57,False,42.61,False,3.442,0.4216
137,5,29.4,25.2,53.6,4,R32,1.7336,15.11,0.43,False,48.97,False,2.818,0.6151
138,22,31.57,24.3,69.6,3,R32,2.4135,18.38,18.38,True,57.01,False,3.773,0.6396
138,23,30.68,22.4,45.5,4,R32,2.8358,10.04,10.04,True,63.18,False,2.665,1.0642
138,0,28.88,21.6,55.9,4,R32,2.5651,12.42,12.42,True,56.92,False,3.209,0.7994
138,1,28.33,24.1,42.5,2,R32,1.4417,10.56,3.5,False,43.85,False,3.429,0.4205
138,2,27.63,23.5,48.7,4,R32,1.7157,12.07,12.07,True,45.26,False,4.297,0.3992
138,3,28.36,23.3,34.9,1,R32,1.5155,6.93,1.65,False,44.97,False,3.172,0.4778
138,4,26.08,24.4,55.2,1,R32,0.6045,14.83,15.76,False,31.75,False,8.0,0.0756
138,5,28.84,22.0,53.4,3,R32,2.2981,12.09,12.09,True,53.56,False,3.439,0.6683
139,22,31.04,22.8,66.9,1,R32,2.3757,16.33,16.33,True,56.31,False,3.62,0.6563
139,23,30.97,20.0,44.6,2,R32,3.2614,7.57,7.57,True,70.29,False,2.238,1.4575
139,0,29.22,22.3,43.1,1,R32,2.0175,9.14,9.14,True,51.02,False,3.371,0.5985
139,1,29.21,23.3,61.5,2,R32,1.8964,15.48,15.48,True,48.65,False,4.351,0.4358
139,2,28.09,22.8,49.5,4,R32,2.029,11.68,11.68,True,49.49,False,3.766,0.5387
139,3,27.35,24.7,54.2,2,R32,1.0157,14.82,10.19,False,37.44,False,5.199,0.1954
139,4,27.9,24.0,56.8,1,R32,1.204,14.9,6.8,False,40.34,False,4.173,0.2885
139,5,27.94,24.1,43.1,4,R32,1.6376,10.77,0.71,False,46.12,False,3.015,0.5431
140,22,29.74,23.3,72.1,4,R32,2.3399,17.99,17.99,True,54.08,False,4.034,0.5801
140,23,28.96,24.2,45.2,4,R32,1.8852,11.58,11.58,True,48.77,False,3.827,0.4925
140,0,28.75,22.3,48.1,1,R32,1.8902,10.79,10.79,True,48.7,False,3.744,0.5048
140,1,28.67,24.4,61.8,1,R32,1.303,16.59,5.79,False,42.38,False,3.811,0.3419
140,2,27.68,23.0,58.9,4,R32,1.864,14.53,14.53,True,46.69,False,4.473,0.4167
140,3,27.34,24.4,46.5,4,R32,1.3932,12.19,4.5,False,42.09,False,3.693,0.3773
140,4,27.69,22.2,37.9,3,R32,1.9317,7.16,7.16,True,48.54,False,3.387,0.5703
140,5,27.7,21.0,56.9,2,R32,2.1101,12.13,12.13,True,49.95,False,3.771,0.5596
141,22,29.88,23.7,33.0,2,R32,1.9698,6.47,6.47,True,51.6,False,3.098,0.6359
141,23,29.0,23.4,75.3,1,R32,1.6631,18.78,18.78,True,45.39,False,5.485,0.3032
141,0,28.07,21.4,44.0,2,R32,2.1014,8.64,8.64,True,50.83,False,3.339,0.6293
141,1,27.62,23.3,60.3,3,R32,1.6152,15.17,0.23,False,45.54,False,3.017,0.5355
141,2,27.52,25.0,62.0,4,R32,1.2805,17.21,6.71,False,40.79,False,4.106,0.3119
141,3,26.99,21.8,21.7,2,R32,1.7023,-1.07,1.0,True,45.82,False,3.058,0.5566
141,4,28.35,23.1,47.3,3,R32,1.8685,11.26,11.26,True,47.94,False,3.877,0.4819
141,5,27.38,22.5,74.0,4,R32,1.9167,17.63,17.63,True,46.52,False,5.032,0.3809
142,22,30.31,23.8,55.4,2,R32,2.0568,14.33,14.33,True,51.93,False,3.822,0.5381
142,23,28.46,21.5,76.1,1,R32,2.0279,17.11,17.11,True,49.08,False,4.54,0.4467
142,0,28.7,21.2,52.4,1,R32,2.1747,11.06,11.06,True,52.05,False,3.467,0.6272
142,1,27.36,22.0,45.1,3,R32,1.8975,9.55,9.55,True,47.41,False,3.733,0.5082
142,2,27.08,22.8,50.2,1,R32,1.3048,11.89,4.16,False,40.83,False,3.782,0.3451
142,3,26.43,23.1,77.6,2,R32,1.198,18.97,5.99,False,38.75,False,4.259,0.2813
142,4,28.1,22.2,69.4,3,R32,2.0418,16.33,16.33,True,48.95,False,4.438,0.4601
142,5,26.92,21.8,80.2,1,R32,1.5326,18.23,18.23,True,41.75,False,6.194,0.2474
143,22,31.45,23.7,52.6,2,R32,2.3912,13.43,13.43,True,57.5,False,3.252,0.7354
143,23,29.21,23.8,57.6,2,R32,1.7615,14.93,14.93,True,47.18,False,4.466,0.3944
143,0,28.67,21.4,49.7,1,R32,2.1137,10.45,10.45,True,51.37,False,3.465,0.6099
143,1,28.41,23.7,54.1,3,R32,1.7214,13.87,13.87,True,45.96,False,4.471,0.385
143,2,27.79,20.9,74.3,3,R32,2.3097,16.15,16.15,True,51.78,False,4.061,0.5688
143,3,27.53,24.2,66.7,4,R32,1.4983,17.61,2.8,False,43.72,False,3.372,0.4444
143,4,28.05,22.8,51.1,3,R32,1.8666,12.16,12.16,True,47.45,False,4.043,0.4617
143,5,28.18,21.9,53.2,2,R32,1.9958,11.94,11.94,True,49.15,False,3.831,0.521
144,22,30.41,22.8,38.3,2,R32,2.3544,7.85,7.85,True,56.88,False,2.866,0.8216
144,23,29.78,23.3,38.1,2,R32,2.0488,8.22,8.22,True,52.19,False,3.2,0.6404
144,0,28.07,22.6,42.3,1,R32,1.6256,9.14,9.14,True,45.06,False,3.929,0.4137
144,1,27.56,21.8,51.2,2,R32,1.8565,11.27,11.27,True,46.91,False,3.99,0.4653
144,2,27.28,25.5,56.7,1,R32,0.6318,16.27,16.47,False,33.21,False,8.0,0.079
144,3,27.52,23.6,62.3,4,R32,1.6584,15.97,15.97,True,44.02,False,5.153,0.3219
144,4,26.94,23.9,70.9,3,R32,1.2721,18.3,5.73,False,40.16,False,4.049,0.3142
144,5,27.2,23.0,52.9,4,R32,1.7341,12.87,12.87,True,44.89,False,4.467,0.3882
145,22,31.09,23.4,36.6,3,R32,2.526,7.71,7.71,True,59.97,False,2.687,0.94
145,23,29.2,23.0,44.5,2,R32,1.9727,10.26,10.26,True,50.28,False,3.541,0.5572
145,0,28.46,22.8,48.1,2,R32,1.8271,11.24,11.24,True,47.57,False,3.914,0.4668
145,1,25.74,23.2,64.9,4,R32,1.2866,16.23,4.82,False,39.11,False,4.053,0.3174
145,2,27.4,23.9,45.4,3,R32,1.3948,11.37,3.97,False,42.23,False,3.622,0.3851
145,3,25.67,23.7,70.8,2,R32,0.8314,18.08,11.82,False,33.66,False,6.525,0.1274
145,4,27.45,23.9,51.0,1,R32,1.1096,13.14,8.05,False,38.72,False,4.584,0.2421
145,5,28.14,25.0,33.3,3,R32,1.2976,7.74,6.46,False,41.68,False,3.97,0.3268
146,22,31.2,20.9,62.0,3,R32,3.2319,13.34,13.34,True,68.51,False,2.597,1.2446
146,23,28.76,23.3,43.9,1,R32,1.6243,10.32,0.1,False,46.94,False,2.917,0.5569
146,0,28.1,25.5,44.4,4,R32,1.3011,12.49,6.91,False,41.63,False,4.034,0.3226
146,1,25.82,23.1,61.6,2,R32,1.0342,15.32,8.33,False,36.14,False,5.06,0.2044
146,2,26.66,20.6,51.8,4,R32,2.2375,10.34,10.34,True,50.61,False,3.52,0.6357
146,3,26.5,20.9,40.8,1,R32,1.6621,7.08,7.08,True,44.0,False,3.794,0.438
146,4,26.98,24.8,60.7,3,R32,1.039,16.69,9.96,False,37.31,False,5.174,0.2008
146,5,26.94,25.9,54.1,4,R32,0.8807,15.91,13.32,False,35.41,False,6.483,0.1359
147,22,30.33,23.6,70.0,2,R32,2.1177,17.81,17.81,True,52.15,False,4.236,0.4999
147,23,28.29,21.0,54.9,2,R32,2.2684,11.58,11.58,True,52.65,False,3.467,0.6543
147,0,28.66,22.2,35.3,3,R32,2.1941,6.13,6.13,True,53.09,False,2.973,0.738
147,1,28.16,26.0,71.8,4,R32,1.1841,20.51,9.08,False,40.21,False,4.534,0.2612
147,2,27.08,23.6,51.6,2,R32,1.2404,13.05,5.88,False,39.94,False,4.096,0.3029
147,3,25.82,24.2,63.2,1,R32,0.5881,16.76,15.8,False,31.34,False,8.0,0.0735
147,4,26.06,23.8,62.6,4,R32,1.2102,16.23,6.51,False,38.45,False,4.378,0.2764
147,5,26.13,23.2,57.9,3,R32,1.2422,14.45,5.45,False,38.98,False,4.156,0.2989
148,22,30.21,24.2,47.7,2,R32,1.9233,12.4,12.4,True,50.52,False,3.745,0.5135
148,23,29.19,22.9,71.5,3,R32,2.1495,17.47,17.47,True,51.27,False,4.299,0.5
148,0,27.25,23.5,72.5,4,R32,1.6128,18.27,0.46,False,45.07,False,3.066,0.526
148,1,26.25,21.5,57.6,4,R32,1.8822,12.78,12.78,True,45.53,False,4.366,0.4311
148,2,26.95,25.2,61.8,3,R32,0.9227,17.35,12.02,False,35.93,False,5.963,0.1547
148,3,25.85,20.6,47.0,4,R32,2.0167,8.89,8.89,True,47.22,False,3.679,0.5482
148,4,25.8,23.1,48.7,1,R32,0.8789,11.71,10.54,False,34.35,False,5.958,0.1475
148,5,27.45,23.2,25.9,4,R32,1.7477,2.57,2.57,True,46.67,False,3.125,0.5592
149,22,29.05,22.3,31.3,3,R32,2.2737,4.48,4.48,True,54.88,False,2.754,0.8255
149,23,29.31,22.6,65.3,1,R32,1.9624,15.76,15.76,True,49.48,False,4.283,0.4582
149,0,28.54,21.7,54.6,4,R32,2.4458,12.15,12.15,True,55.05,False,3.325,0.7355
149,1,26.7,23.2,48.9,2,R32,1.2461,11.86,5.4,False,39.64,False,4.067,0.3064
149,2,26.01,23.0,55.2,1,R32,0.9638,13.53,9.23,False,35.54,False,5.366,0.1796
149,3,26.65,22.5,33.8,1,R32,1.2693,5.76,4.37,False,39.93,False,3.901,0.3253
149,4,26.08,22.8,46.4,2,R32,1.1845,10.7,5.88,False,38.24,False,4.312,0.2747
149,5,26.67,22.4,68.4,2,R32,1.4518,16.29,1.66,False,42.35,False,3.377,0.4299
150,22,29.36,23.3,54.1,1,R32,1.7864,13.5,13.5,True,47.81,False,4.177,0.4277
150,23,28.4,22.4,51.9,1,R32,1.7696,12.03,12.03,True,46.73,False,4.108,0.4307
150,0,27.67,22.2,75.2,2,R32,1.7779,17.6,17.6,True,45.31,False,5.245,0.339
150,1,28.02,24.8,36.4,2,R32,1.17,8.87,8.09,False,39.98,False,4.409,0.2654
150,2,25.95,22.6,74.2,4,R32,1.5038,17.77,1.12,False,42.24,False,3.335,0.4509
150,3,26.73,23.7,65.3,2,R32,1.1173,16.8,7.74,False,38.05,False,4.634,0.2411
150,4,27.39,22.8,43.4,4,R32,1.839,9.7,9.7,True,46.73,False,3.82,0.4815
150,5,26.22,21.6,52.6,2,R32,1.5482,11.49,11.49,True,41.88,False,4.684,0.3305
151,22,29.96,24.1,35.6,1,R32,1.7315,7.93,7.93,True,48.56,False,3.459,0.5006
151,23,28.81,23.1,36.8,2,R32,1.8412,7.53,7.53,True,48.65,False,3.413,0.5395
151,0,27.03,23.1,71.4,2,R32,1.3607,17.64,3.66,False,41.47,False,3.661,0.3717
151,1,25.82,22.4,66.3,3,R32,1.373,15.8,2.79,False,40.38,False,3.67,0.3741
151,2,27.18,23.7,66.5,1,R32,1.0886,17.09,8.15,False,38.18,False,4.683,0.2325
151,3,25.99,23.9,44.7,1,R32,0.7133,11.14,13.71,False,32.72,False,7.546,0.0945
151,4,26.06,21.8,64.2,3,R32,1.6005,14.73,14.73,True,41.92,False,5.295,0.3023
151,5,27.47,21.4,59.6,2,R32,1.9402,13.21,13.21,True,47.52,False,4.173,0.4649
152,22,28.79,22.8,49.6,1,R32,1.7682,11.71,11.71,True,47.2,False,4.013,0.4406
152,23,28.58,20.6,51.1,1,R32,2.304,10.13,10.13,True,53.68,False,3.252,0.7084
152,0,27.3,22.5,50.1,4,R32,1.8961,11.58,11.58,True,47.04,False,4.016,0.4722
152,1,27.56,22.1,66.9,4,R32,2.0749,15.66,15.66,True,48.82,False,4.354,0.4765
152,2,26.97,22.7,65.3,2,R32,1.4521,15.85,1.96,False,42.65,False,3.38,0.4296
152,3,26.06,21.6,58.5,2,R32,1.5036,13.11,0.12,False,42.47,False,3.226,0.4661
152,4,26.28,23.6,61.7,4,R32,1.3237,15.81,4.69,False,40.13,False,3.92,0.3377
152,5,26.58,21.1,61.8,1,R32,1.6283,13.48,13.48,True,42.93,False,4.866,0.3346
153,22,29.95,22.1,53.4,3,R32,2.5704,12.18,12.18,True,58.3,False,3.094,0.8308
153,23,28.43,21.9,47.3,2,R32,2.0641,10.17,10.17,True,50.54,False,3.509,0.5882
153,0,28.08,22.3,67.7,2,R32,1.8611,16.04,16.04,True,46.9,False,4.685,0.3973
153,1,26.45,23.4,75.0,1,R32,0.9729,18.71,9.5,False,36.08,False,5.317,0.183
153,2,26.75,21.8,73.7,1,R32,1.486,16.89,0.57,False,42.97,False,3.228,0.4603
153,3,24.97,21.8,43.0,4,R32,1.4564,8.66,0.99,False,40.62,False,3.459,0.421
153,4,25.97,22.5,39.7,2,R32,1.2378,8.11,4.82,False,38.81,False,4.088,0.3028
153,5,26.5,23.3,67.7,2,R32,1.1643,16.99,6.67,False,38.4,False,4.408,0.2641
154,22,29.66,21.4,44.4,1,R32,2.3801,8.77,8.77,True,56.16,False,2.974,0.8002
154,23,29.35,24.0,35.5,3,R32,1.8941,7.8,7.8,True,49.86,False,3.34,0.5672
154,0,27.06,23.1,56.8,3,R32,1.5205,14.06,1.38,False,43.64,False,3.248,0.4681
154,1,26.41,24.7,55.6,1,R32,0.6127,15.22,15.95,False,32.16,False,8.0,0.0766
154,2,26.31,25.5,59.6,4,R32,0.819,17.06,13.8,False,34.1,False,7.067,0.1159
154,3,25.96,22.8,58.9,2,R32,1.1522,14.34,6.34,False,37.71,False,4.454,0.2587
154,4,25.48,22.9,28.6,3,R32,1.1466,3.71,6.52,False,37.13,False,4.569,0.251
154,5,27.23,22.5,60.0,2,R32,1.5774,14.34,14.34,True,43.0,False,5.017,0.3144
155,22,28.96,23.1,55.2,3,R32,2.0331,13.62,13.62,True,50.23,False,3.916,0.5191
155,23,28.44,24.9,55.1,3,R32,1.4045,15.26,4.84,False,43.39,False,3.606,0.3895
155,0,26.54,22.1,50.3,4,R32,1.7991,11.28,11.28,True,45.1,False,4.205,0.4279
155,1,25.88,24.7,49.7,3,R32,0.7698,13.48,13.7,False,33.17,False,7.367,0.1045
155,2,25.81,23.5,76.8,4,R32,1.2243,19.19,6.01,False,38.38,False,4.312,0.2839
155,3,25.44,23.3,77.4,1,R32,0.7282,19.12,12.9,False,32.33,False,7.358,0.099
155,4,25.23,24.5,53.8,1,R32,0.3483,14.52,19.52,False,28.5,False,8.0,0.0435
155,5,25.65,22.9,63.7,3,R32,1.1931,15.65,5.86,False,37.88,False,4.356,0.2739
156,22,29.47,23.4,70.4,2,R32,1.9382,17.7,17.7,True,49.11,False,4.631,0.4185
156,23,26.57,23.1,35.0,1,R32,1.0864,6.79,7.58,False,37.56,False,4.683,0.232
156,0,26.8,24.1,63.1,4,R32,1.3303,16.64,5.1,False,40.73,False,3.904,0.3408
156,1,26.3,24.5,56.4,1,R32,0.637,15.26,15.4,False,32.28,False,8.0,0.0796
156,2,25.84,21.4,43.2,4,R32,1.799,8.37,8.37,True,44.7,False,3.874,0.4644
156,3,24.94,24.0,74.7,2,R32,0.5544,19.23,16.08,False,30.14,False,8.0,0.0693
156,4,25.22,23.2,52.5,2,R32,0.8449,12.94,11.13,False,33.36,False,6.394,0.1321
156,5,25.49,25.7,52.1,2,R32,0.3,15.13,21.41,False,28.3,False,8.0,0.0375
157,22,29.58,20.2,55.5,1,R32,2.6838,11.0,11.0,True,59.6,False,2.924,0.918
157,23,28.24,23.0,49.8,2,R32,1.7135,11.95,11.95,True,45.92,False,4.197,0.4082
157,0,27.52,24.4,78.9,4,R32,1.4423,20.5,3.8,False,42.94,False,3.538,0.4077
157,1,27.44,22.2,51.4,1,R32,1.5643,11.7,11.7,True,43.37,False,4.496,0.3479
157,2,25.74,23.0,36.1,4,R32,1.3388,7.16,3.87,False,39.79,False,3.857,0.3471
157,3,26.21,23.3,29.8,3,R32,1.2366,4.64,5.63,False,38.98,False,4.18,0.2959
157,4,26.21,22.2,45.9,1,R32,1.2339,9.99,4.57,False,39.05,False,4.028,0.3063
157,5,25.64,22.2,50.1,4,R32,1.528,11.31,0.37,False,42.27,False,3.264,0.4682
158,22,29.08,26.0,60.9,3,R32,1.2814,17.87,7.69,False,42.4,False,4.046,0.3167
158,23,27.74,24.5,70.6,1,R32,1.0249,18.8,9.86,False,37.98,False,5.032,0.2037
158,0,27.37,23.3,74.6,3,R32,1.5499,18.53,1.16,False,44.36,False,3.175,0.4881
158,1,26.32,21.5,51.5,3,R32,1.7508,11.08,11.08,True,44.32,False,4.275,0.4095
158,2,26.04,22.6,64.1,4,R32,1.5298,15.47,0.75,False,42.7,False,3.264,0.4686
158,3,25.1,24.1,51.1,2,R32,0.5699,13.36,15.96,False,30.44,False,8.0,0.0712
158,4,26.62,23.4,66.3,2,R32,1.1682,16.76,6.71,False,38.57,False,4.392,0.266
158,5,25.4,23.6,47.8,3,R32,0.9373,11.88,10.21,False,34.56,False,5.819,0.1611
159,22,27.64,22.8,47.8,4,R32,1.9072,11.15,11.15,True,47.61,False,3.898,0.4892
159,23,27.07,25.3,55.9,3,R32,0.9276,15.86,12.05,False,36.1,False,5.928,0.1565
159,0,26.79,23.1,64.3,3,R32,1.4455,15.99,2.45,False,42.32,False,3.456,0.4182
159,1,25.15,22.5,67.5,3,R32,1.1661,16.18,5.84,False,37.04,False,4.471,0.2608
159,2,25.04,23.3,73.1,2,R32,0.771,18.21,12.29,False,32.37,False,7.104,0.1085
159,3,25.51,25.4,44.2,2,R32,0.3303,12.33,20.68,False,28.61,False,8.0,0.0413
159,4,25.24,24.8,49.7,2,R32,0.4176,13.58,18.83,False,29.15,False,8.0,0.0522
159,5,25.61,20.7,53.9,1,R32,1.4768,11.03,11.03,True,40.47,False,4.826,0.306
160,22,28.09,23.2,43.2,2,R32,1.6215,9.99,0.04,False,46.17,False,2.961,0.5477
160,23,27.05,24.2,66.2,1,R32,0.9185,17.49,11.08,False,36.04,False,5.692,0.1613
160,0,26.13,21.1,58.5,3,R32,1.8094,12.64,12.64,True,44.58,False,4.474,0.4045
160,1,25.65,20.8,29.7,1,R32,1.4598,2.43,2.43,True,41.24,False,3.551,0.4112
160,2,25.07,22.3,55.5,4,R32,1.3489,12.96,3.03,False,39.26,False,3.811,0.354
160,3,23.97,23.3,50.6,1,R32,0.332,12.47,18.56,False,27.09,False,8.0,0.0415
160,4,26.03,21.4,50.2,1,R32,1.3998,10.6,1.4,False,41.06,False,3.461,0.4044
160,5,25.59,22.1,48.7,3,R32,1.3923,10.79,2.21,False,40.41,False,3.604,0.3863
161,22,28.14,24.6,47.9,2,R32,1.2564,12.83,6.65,False,41.2,False,4.05,0.3102
161,23,27.93,23.2,43.9,1,R32,1.4282,10.23,2.8,False,43.33,False,3.404,0.4196
161,0,26.61,25.3,52.6,1,R32,0.5041,14.91,18.1,False,31.34,False,8.0,0.063
161,1,24.5,25.7,56.8,1,R32,0.15,16.49,23.56,False,25.91,False,8.0,0.0187
161,2,26.23,24.5,47.2,3,R32,0.9179,12.51,11.39,False,35.16,False,5.984,0.1534
161,3,24.91,20.3,49.6,2,R32,1.5447,9.41,9.41,True,40.63,False,4.526,0.3413
161,4,25.07,21.0,41.2,1,R32,1.2501,7.31,3.14,False,38.13,False,3.948,0.3166
161,5,25.06,20.3,60.8,1,R32,1.4343,12.48,12.48,True,39.25,False,5.335,0.2688
162,22,28.71,24.1,57.7,2,R32,1.5456,15.24,2.02,False,45.68,False,3.151,0.4905
162,23,27.07,23.4,64.6,3,R32,1.441,16.35,2.81,False,42.54,False,3.474,0.4148
162,0,26.85,23.7,77.3,2,R32,1.1506,19.49,7.26,False,38.58,False,4.477,0.257
162,1,26.02,22.1,64.1,2,R32,1.3595,14.99,2.68,False,40.46,False,3.651,0.3724
162,2,24.53,23.3,34.1,2,R32,0.6326,6.59,14.26,False,30.46,False,8.0,0.0791
162,3,24.44,22.3,35.5,4,R32,1.1771,6.3,5.48,False,36.42,False,4.503,0.2614
162,4,24.64,23.7,55.9,1,R32,0.4025,14.37,17.95,False,28.41,False,8.0,0.0503
162,5,26.07,23.6,52.2,4,R32,1.2661,13.22,5.51,False,39.17,False,4.14,0.3058
163,22,28.44,23.3,47.0,2,R32,1.6866,11.35,11.35,True,45.9,False,4.117,0.4097
163,23,27.25,21.1,61.7,3,R32,2.1116,13.46,13.46,True,49.24,False,4.004,0.5273
163,0,25.86,22.1,61.9,2,R32,1.3141,14.45,3.33,False,39.69,False,3.802,0.3456
163,1,25.22,22.9,60.8,4,R32,1.2252,14.93,5.4,False,37.8,False,4.298,0.285
163,2,25.0,22.2,65.1,3,R32,1.2061,15.33,4.97,False,37.39,False,4.289,0.2812
163,3,23.82,20.9,26.0,4,R32,1.3886,0.66,1.06,False,38.56,False,3.657,0.3797
163,4,25.0,22.8,64.2,3,R32,1.0435,15.68,7.89,False,35.4,False,5.109,0.2042
163,5,25.61,23.4,47.6,3,R32,1.0472,11.63,8.44,False,36.05,False,5.099,0.2054
164,22,27.68,23.5,53.5,3,R32,1.5795,13.51,0.94,False,45.09,False,3.104,0.5088
164,23,27.51,22.8,53.6,2,R32,1.5725,12.89,0.34,False,44.89,False,3.069,0.5123
164,0,25.75,25.8,53.7,4,R32,0.6,15.7,17.23,False,31.37,False,8.0,0.075
164,1,24.79,22.0,36.6,1,R32,0.9044,6.47,9.08,False,33.64,False,5.745,0.1574
164,2,24.46,20.0,71.4,1,R32,1.3555,14.67,0.64,False,38.92,False,3.576,0.3791
164,3,23.85,21.4,68.2,2,R32,0.9624,15.29,7.65,False,33.34,False,5.466,0.1761
164,4,24.22,22.4,51.1,1,R32,0.641,11.79,13.24,False,30.23,False,8.0,0.0801
164,5,25.24,23.6,46.4,1,R32,0.5928,11.43,15.13,False,30.8,False,8.0,0.0741
165,22,27.01,20.0,57.7,2,R32,2.1929,11.4,11.4,True,50.28,False,3.66,0.5992
165,23,26.54,26.0,55.5,2,R32,0.4449,16.4,19.64,False,30.71,False,8.0,0.0556
165,0,26.02,20.6,52.4,1,R32,1.6147,10.51,10.51,True,42.52,False,4.431,0.3644
165,1,25.75,26.0,64.9,2,R32,0.3,18.88,21.71,False,28.56,False,8.0,0.0375
165,2,24.83,25.2,49.1,2,R32,0.3,13.76,20.91,False,27.65,False,8.0,0.0375
165,3,24.08,23.9,53.5,1,R32,0.1973,13.88,21.08,False,25.92,False,8.0,0.0247
165,4,24.6,22.1,48.5,1,R32,0.8254,10.73,10.31,False,32.56,False,6.369,0.1296
165,5,25.64,22.9,60.9,1,R32,0.8896,14.95,10.19,False,34.32,False,5.873,0.1515
166,22,28.66,25.8,65.1,3,R32,1.2224,18.74,8.34,False,41.23,False,4.279,0.2857
166,23,27.44,21.3,66.8,2,R32,1.9577,14.87,14.87,True,47.44,False,4.422,0.4427
166,0,25.94,21.8,41.2,2,R32,1.4168,8.03,1.56,False,41.15,False,3.47,0.4083
166,1,25.19,24.5,35.2,2,R32,0.4866,8.11,17.55,False,29.75,False,8.0,0.0608
166,2,25.19,23.8,65.1,4,R32,0.9751,16.85,9.87,False,34.74,False,5.689,0.1714
166,3,24.55,23.0,79.7,4,R32,1.0186,19.3,8.45,False,34.62,False,5.381,0.1893
166,4,24.95,20.9,57.4,4,R32,1.6939,12.17,12.17,True,42.02,False,4.778,0.3545
166,5,24.86,24.0,63.3,4,R32,0.8331,16.59,12.1,False,32.81,False,6.885,0.121
167,22,27.79,20.6,60.0,4,R32,2.5426,12.56,12.56,True,55.33,False,3.34,0.7612
167,23,26.26,22.0,47.3,3,R32,1.6009,10.26,10.26,True,42.65,False,4.375,0.366
167,0,24.83,24.0,60.7,3,R32,0.6746,15.94,14.36,False,31.16,False,8.0,0.0843
167,1,24.25,23.0,70.3,4,R32,0.9373,17.3,9.61,False,33.37,False,5.949,0.1576
167,2,22.98,21.2,43.5,3,R32,0.93,8.29,7.91,False,32.06,False,5.82,0.1598
167,3,23.3,22.8,70.0,4,R32,0.7344,17.04,12.31,False,30.18,False,7.984,0.092
167,4,24.58,22.6,58.5,1,R32,0.6841,14.05,12.83,False,31.0,False,7.867,0.087
167,5,24.33,21.0,61.5,4,R32,1.5001,13.31,13.31,True,39.08,False,5.558,0.2699
168,22,28.08,22.9,40.8,4,R32,1.9977,8.87,8.87,True,49.52,False,3.469,0.5759
168,23,27.11,24.3,32.9,4,R32,1.3589,6.95,4.89,False,41.41,False,3.806,0.357
168,0,26.26,22.5,41.3,1,R32,1.1641,8.69,5.87,False,38.2,False,4.315,0.2698
168,1,24.97,21.7,56.1,4,R32,1.4832,12.56,0.51,False,40.99,False,3.381,0.4387
168,2,23.85,24.6,61.0,1,R32,0.15,16.58,22.46,False,25.26,False,8.0,0.0187
168,3,25.22,22.6,40.1,4,R32,1.3077,8.35,3.92,False,38.87,False,3.964,0.3299
168,4,24.88,23.4,68.1,3,R32,0.8488,17.18,11.27,False,33.03,False,6.536,0.1299
168,5,25.37,21.4,63.7,2,R32,1.3708,14.23,1.82,False,39.96,False,3.605,0.3803
169,22,27.99,22.0,57.6,1,R32,1.7683,13.25,13.25,True,46.11,False,4.357,0.4058
169,23,26.16,22.7,70.8,1,R32,1.0843,17.12,7.21,False,37.12,False,4.686,0.2314
169,0,24.27,20.1,67.8,2,R32,1.4268,13.96,13.96,True,38.17,False,5.93,0.2406
169,1,24.05,24.0,54.0,1,R32,0.163,14.12,21.67,False,25.58,False,8.0,0.0204
169,2,24.23,23.9,53.8,1,R32,0.2404,13.97,20.47,False,26.49,False,8.0,0.0301
169,3,23.81,22.3,42.9,2,R32,0.7072,9.08,12.2,False,30.46,False,7.815,0.0905
169,4,24.88,20.9,58.3,4,R32,1.6753,12.4,12.4,True,41.71,False,4.872,0.3439
169,5,24.33,22.7,57.3,2,R32,0.7399,13.82,12.13,False,31.33,False,7.431,0.0996
170,22,27.89,22.1,65.2,4,R32,2.1631,15.26,15.26,True,50.29,False,4.116,0.5256
170,23,25.47,22.7,53.4,2,R32,1.0481,12.74,7.73,False,35.96,False,4.974,0.2107
170,0,24.94,23.5,48.9,2,R32,0.6877,12.13,13.68,False,31.38,False,8.0,0.086
170,1,23.87,24.0,47.0,2,R32,0.3,11.99,19.71,False,26.68,False,8.0,0.0375
170,2,23.43,22.7,40.9,1,R32,0.3468,8.73,17.75,False,26.68,False,8.0,0.0434
170,3,24.8,23.6,44.1,3,R32,0.7741,10.66,12.54,False,32.14,False,7.29,0.1062
170,4,24.31,23.2,69.7,2,R32,0.6007,17.35,14.62,False,29.95,False,8.0,0.0751
170,5,24.37,23.2,47.5,4,R32,0.9162,11.42,10.11,False,33.25,False,6.12,0.1497
171,22,27.0,21.4,47.6,2,R32,1.8129,9.81,9.81,True,45.97,False,3.912,0.4635
171,23,26.19,20.5,63.3,3,R32,1.9866,13.28,13.28,True,46.6,False,4.299,0.4621
171,0,25.85,22.8,71.5,2,R32,1.1222,17.38,6.77,False,37.23,False,4.594,0.2442
171,1,24.05,21.5,65.0,2,R32,0.9896,14.64,7.36,False,33.86,False,5.293,0.187
171,2,23.09,22.6,50.9,2,R32,0.4319,11.92,16.43,False,27.14,False,8.0,0.054
171,3,23.87,21.5,49.2,2,R32,0.9391,10.39,8.08,False,33.08,False,5.625,0.1669
171,4,22.99,23.0,51.8,3,R32,0.45,12.55,16.57,False,27.21,False,8.0,0.0562
171,5,24.87,23.2,61.2,3,R32,0.8996,15.31,10.35,False,33.59,False,6.099,0.1475
172,22,27.83,20.0,54.8,1,R32,2.2645,10.63,10.63,True,52.24,False,3.41,0.6641
172,23,25.87,21.3,50.0,4,R32,1.8352,10.45,10.45,True,44.88,False,4.119,0.4456
172,0,25.29,21.0,51.3,2,R32,1.4574,10.56,0.18,False,41.06,False,3.343,0.436
172,1,24.83,22.0,55.7,2,R32,1.0637,12.73,6.8,False,35.51,False,4.876,0.2181
172,2,23.92,21.2,30.8,2,R32,1.0351,3.29,6.41,False,34.27,False,5.019,0.2062
172,3,21.74,24.1,50.2,2,R32,0.3,13.09,19.81,False,24.55,False,8.0,0.0375
172,4,24.66,22.4,52.2,2,R32,0.9096,12.12,9.41,False,33.53,False,5.856,0.1553
172,5,25.69,24.0,48.8,2,R32,0.7565,12.56,13.19,False,32.86,False,7.279,0.1039
173,22,27.04,23.9,63.4,3,R32,1.2966,16.52,5.38,False,40.57,False,3.957,0.3277
173,23,27.1,21.2,53.3,1,R32,1.7418,11.32,11.32,True,45.05,False,4.217,0.4131
173,0,24.22,26.0,46.7,3,R32,0.45,13.71,19.57,False,28.44,False,8.0,0.0562
173,1,24.38,24.8,53.7,2,R32,0.3,14.77,20.51,False,27.2,False,8.0,0.0375
173,2,23.09,25.5,44.7,4,R32,0.6,12.59,16.93,False,28.71,False,8.0,0.075
173,3,23.32,22.4,66.6,4,R32,0.8494,15.87,10.27,False,31.46,False,6.686,0.1271
173,4,22.92,23.3,39.9,2,R32,0.3,8.9,19.01,False,25.73,False,8.0,0.0375
173,5,24.41,23.7,54.8,4,R32,0.792,14.06,12.39,False,31.91,False,7.31,0.1083
174,22,27.39,23.4,52.2,1,R32,1.2271,13.04,5.87,False,40.13,False,4.073,0.3013
174,23,25.32,20.9,49.5,2,R32,1.4935,9.93,9.93,True,40.45,False,4.638,0.322
174,0,25.17,24.7,46.9,2,R32,0.4267,12.6,18.6,False,29.17,False,8.0,0.0533
174,1,23.39,22.7,62.8,1,R32,0.3363,15.24,17.9,False,26.54,False,8.0,0.042
174,2,23.29,23.4,66.4,2,R32,0.3,16.78,19.11,False,26.1,False,8.0,0.0375
174,3,23.48,23.5,44.4,2,R32,0.3,10.67,19.21,False,26.3,False,8.0,0.0375
174,4,24.11,22.1,50.2,2,R32,0.8422,11.25,10.07,False,32.22,False,6.392,0.1318
174,5,24.58,23.1,41.3,4,R32,1.0002,9.23,8.81,False,34.43,False,5.503,0.1818
175,22,27.31,22.9,47.7,2,R32,1.4904,11.21,1.61,False,43.52,False,3.278,0.4547
175,23,25.89,20.0,68.0,3,R32,2.0391,13.91,13.91,True,46.77,False,4.368,0.4668
175,0,25.62,24.5,55.5,3,R32,0.7519,15.01,13.76,False,32.71,False,7.568,0.0994
175,1,23.54,23.2,48.3,2,R32,0.3907,11.67,17.62,False,27.2,False,8.0,0.0488
175,2,23.22,22.5,54.0,2,R32,0.4933,12.72,15.45,False,27.84,False,8.0,0.0617
175,3,21.13,21.8,59.4,1,R32,0.15,13.53,19.66,False,22.53,False,8.0,0.0187
175,4,23.15,25.4,59.9,3,R32,0.45,17.04,18.97,False,27.37,False,8.0,0.0562
175,5,23.12,22.5,60.4,4,R32,0.7681,14.45,11.53,False,30.37,False,7.553,0.1017
176,22,26.12,23.1,38.6,3,R32,1.2667,8.23,5.0,False,39.28,False,4.057,0.3122
176,23,25.81,23.4,44.2,4,R32,1.2518,10.52,5.52,False,38.73,False,4.195,0.2984
176,0,22.5,23.2,48.4,2,R32,0.3,11.7,18.91,False,25.31,False,8.0,0.0375
176,1,23.79,24.5,61.6,4,R32,0.6,16.64,15.93,False,29.42,False,8.0,0.075
176,2,23.73,22.6,52.2,3,R32,0.754,12.3,11.83,False,30.85,False,7.492,0.1006
176,3,22.65,21.6,53.5,3,R32,0.7333,11.75,11.12,False,29.55,False,7.713,0.0951
176,4,23.21,21.8,69.2,4,R32,0.9818,15.9,7.77,False,32.86,False,5.6,0.1753
176,5,23.21,22.6,49.1,4,R32,0.7645,11.37,11.68,False,30.42,False,7.6,0.1006
177,22,26.87,23.6,43.1,4,R32,1.4816,10.32,2.43,False,42.83,False,3.411,0.4344
177,23,25.41,21.5,53.5,1,R32,1.2046,11.66,4.29,False,37.87,False,4.131,0.2916
177,0,23.98,23.4,71.3,1,R32,0.3061,17.91,19.03,False,26.85,False,8.0,0.0383
177,1,23.44,20.0,50.1,2,R32,1.2294,9.28,2.44,False,36.2,False,4.082,0.3012
177,2,21.53,24.2,54.7,1,R32,0.15,14.5,22.06,False,22.94,False,8.0,0.0187
177,3,23.48,22.1,67.9,1,R32,0.522,15.89,14.64,False,28.37,False,8.0,0.0652
177,4,22.72,24.8,53.8,1,R32,0.15,14.8,22.66,False,24.13,False,8.0,0.0187
177,5,22.17,24.0,83.7,1,R32,0.15,21.07,21.86,False,23.58,False,8.0,0.0187
178,22,26.17,22.4,53.6,2,R32,1.3167,12.52,3.59,False,40.03,False,3.797,0.3467
178,23,25.28,22.7,39.9,1,R32,0.846,8.36,10.61,False,33.46,False,6.21,0.1362
178,0,24.05,22.8,80.8,4,R32,0.9382,19.33,9.4,False,33.19,False,5.939,0.158
178,1,24.39,24.6,40.5,3,R32,0.45,10.29,18.17,False,28.61,False,8.0,0.0562
178,2,21.95,21.9,51.8,4,R32,0.6141,11.54,13.13,False,27.71,False,8.0,0.0768
178,3,21.66,22.5,57.2,1,R32,0.15,13.61,20.36,False,23.07,False,8.0,0.0187
178,4,22.76,22.5,46.9,1,R32,0.2189,10.59,19.37,False,24.81,False,8.0,0.0274
178,5,23.98,21.4,83.5,1,R32,0.8472,18.49,9.3,False,32.19,False,6.17,0.1373
179,22,26.37,22.6,70.8,4,R32,1.6184,17.03,17.03,True,42.2,False,5.764,0.2808
179,23,24.46,22.1,44.7,4,R32,1.2364,9.51,4.44,False,37.19,False,4.237,0.2918
179,0,23.93,21.0,63.2,2,R32,1.0908,13.73,5.42,False,34.95,False,4.717,0.2313
179,1,23.03,20.0,49.9,4,R32,1.4187,9.23,9.23,True,37.2,False,5.048,0.2811
179,2,23.17,21.2,62.1,4,R32,1.1328,13.65,5.02,False,34.62,False,4.698,0.2411
179,3,22.85,22.1,59.1,3,R32,0.6535,13.74,12.76,False,28.98,False,8.0,0.0817
179,4,22.15,20.8,58.0,2,R32,0.6648,12.23,11.3,False,28.38,False,8.0,0.0831
179,5,24.11,24.5,36.8,4,R32,0.6,8.77,15.93,False,29.74,False,8.0,0.075
180,22,26.46,22.8,69.0,3,R32,1.4386,16.81,2.25,False,41.9,False,3.473,0.4143
180,23,25.16,23.6,54.7,4,R32,1.0219,13.94,9.0,False,35.26,False,5.372,0.1903
180,0,23.99,23.6,55.6,2,R32,0.4043,14.2,17.82,False,27.78,False,8.0,0.0505
180,1,22.25,23.8,43.3,3,R32,0.45,10.57,17.37,False,26.47,False,8.0,0.0562
180,2,23.04,24.4,56.6,4,R32,0.6,15.22,15.83,False,28.66,False,8.0,0.075
180,3,22.26,23.8,58.9,4,R32,0.6,15.28,15.23,False,27.88,False,8.0,0.075
180,4,20.97,22.5,48.6,3,R32,0.45,11.13,16.07,False,25.19,False,8.0,0.0562
180,5,23.1,20.2,64.4,3,R32,1.2342,13.26,2.57,False,35.87,False,4.139,0.2982
181,22,25.11,23.6,46.8,2,R32,0.7073,11.56,13.5,False,31.75,False,7.85,0.0901
181,23,25.29,22.4,52.2,4,R32,1.3796,12.12,2.69,False,39.88,False,3.708,0.372
181,0,24.39,23.9,57.1,2,R32,0.4336,14.89,17.71,False,28.46,False,8.0,0.0542
181,1,23.11,23.1,66.7,2,R32,0.303,16.56,18.77,False,25.95,False,8.0,0.0379
181,2,21.88,21.2,48.2,2,R32,0.4846,9.81,14.28,False,26.43,False,8.0,0.0606
181,3,22.13,23.5,63.1,4,R32,0.6,16.07,14.93,False,27.76,False,8.0,0.075
181,4,23.1,22.0,49.8,3,R32,0.7476,11.03,11.32,False,30.16,False,7.551,0.099
181,5,23.1,22.6,55.5,1,R32,0.2859,13.24,18.52,False,25.78,False,8.0,0.0357
182,22,26.16,24.4,49.0,4,R32,1.0756,12.99,9.03,False,36.89,False,5.064,0.2124
182,23,23.88,23.1,28.3,2,R32,0.5097,3.73,15.82,False,28.66,False,8.0,0.0637
182,0,23.6,24.3,49.9,4,R32,0.6,13.18,15.73,False,29.23,False,8.0,0.075
182,1,22.06,22.4,42.9,4,R32,0.6,9.17,13.83,False,27.69,False,8.0,0.075
182,2,23.24,23.5,62.0,4,R32,0.6,15.8,14.93,False,28.86,False,8.0,0.075
182,3,22.92,23.2,44.6,3,R32,0.45,10.47,16.77,False,27.14,False,8.0,0.0562
182,4,21.94,21.5,54.4,3,R32,0.5682,11.91,13.38,False,27.27,False,8.0,0.071
182,5,22.59,22.9,67.3,2,R32,0.3,16.52,18.61,False,25.4,False,8.0,0.0375
183,22,25.64,24.8,66.8,2,R32,0.5265,18.21,17.28,False,30.57,False,8.0,0.0658
183,23,23.59,24.8,69.9,1,R32,0.15,18.93,22.66,False,25.0,False,8.0,0.0187
183,0,24.72,24.8,39.9,4,R32,0.6,10.24,16.23,False,30.34,False,8.0,0.075
183,1,23.07,24.6,58.9,3,R32,0.45,16.03,18.17,False,27.29,False,8.0,0.0562
183,2,22.25,24.9,64.5,1,R32,0.15,17.74,22.76,False,23.65,False,8.0,0.0187
183,3,22.51,21.3,52.9,1,R32,0.4775,11.3,14.48,False,26.99,False,8.0,0.0597
183,4,22.39,22.9,41.4,3,R32,0.45,9.09,16.47,False,26.61,False,8.0,0.0562
183,5,22.51,24.5,40.5,2,R32,0.3,10.2,20.21,False,25.32,False,8.0,0.0375
184,22,24.94,24.7,51.5,3,R32,0.5136,14.03,17.36,False,29.75,False,8.0,0.0642
184,23,25.17,21.4,60.0,4,R32,1.6166,13.31,13.31,True,41.27,False,5.124,0.3155
184,0,22.01,21.6,60.3,4,R32,0.7119,13.58,11.43,False,28.69,False,8.0,0.089
184,1,21.12,25.6,53.5,1,R32,0.15,15.45,23.46,False,22.52,False,8.0,0.0187
184,2,22.14,22.8,61.8,1,R32,0.15,15.09,20.66,False,23.54,False,8.0,0.0187
184,3,22.77,23.4,48.3,3,R32,0.45,11.86,16.97,False,26.99,False,8.0,0.0562
184,4,23.77,23.9,47.0,2,R32,0.3,11.9,19.61,False,26.59,False,8.0,0.0375
184,5,22.33,21.2,68.5,3,R32,0.7547,15.17,10.42,False,29.46,False,7.445,0.1014
185,22,24.97,22.9,63.5,2,R32,0.8582,15.6,10.64,False,33.26,False,6.273,0.1368
185,23,26.02,25.2,49.3,1,R32,0.3724,13.82,19.88,False,29.51,False,8.0,0.0465
185,0,22.53,21.8,71.1,3,R32,0.6475,16.33,12.55,False,28.6,False,8.0,0.0809
185,1,23.1,23.7,60.5,3,R32,0.45,15.6,17.27,False,27.32,False,8.0,0.0562
185,2,22.79,24.1,55.1,4,R32,0.6,14.52,15.53,False,28.41,False,8.0,0.075
185,3,21.51,23.6,48.7,2,R32,0.3,12.16,19.31,False,24.33,False,8.0,0.0375
185,4,21.85,23.7,63.0,3,R32,0.45,16.24,17.27,False,26.07,False,8.0,0.0562
185,5,22.29,23.7,50.2,4,R32,0.6,12.72,15.13,False,27.91,False,8.0,0.075
186,22,25.11,20.6,82.3,3,R32,1.6684,17.47,17.47,True,41.3,False,6.1,0.2735
186,23,23.28,23.1,82.7,1,R32,0.1979,19.99,20.27,False,25.13,False,8.0,0.0247
186,0,23.28,24.5,61.1,4,R32,0.6,16.51,15.93,False,28.9,False,8.0,0.075
186,1,22.07,23.4,79.1,3,R32,0.45,19.57,16.97,False,26.29,False,8.0,0.0562
186,2,22.13,23.8,63.6,1,R32,0.15,16.48,21.66,False,23.53,False,8.0,0.0187
186,3,22.95,24.2,58.5,3,R32,0.45,15.55,17.77,False,27.17,False,8.0,0.0562
186,4,22.24,26.0,44.5,2,R32,0.3,12.97,21.71,False,25.05,False,8.0,0.0375
186,5,22.77,25.8,43.9,4,R32,0.6,12.58,17.23,False,28.39,False,8.0,0.075
187,22,25.58,24.6,30.1,3,R32,0.7156,5.91,14.38,False,32.29,False,8.0,0.0894
187,23,23.87,22.8,64.7,4,R32,0.8883,15.8,10.11,False,32.44,False,6.344,0.14
187,0,22.71,23.4,51.1,2,R32,0.3,12.71,19.11,False,25.52,False,8.0,0.0375
187,1,22.5,20.5,46.4,4,R32,1.1387,8.6,4.23,False,34.02,False,4.656,0.2446
187,2,21.47,22.4,51.3,1,R32,0.15,11.85,20.26,False,22.87,False,8.0,0.0187
187,3,22.01,24.0,50.9,4,R32,0.6,13.21,15.43,False,27.63,False,8.0,0.075
187,4,21.64,23.3,58.7,3,R32,0.45,14.76,16.87,False,25.86,False,8.0,0.0562
187,5,22.05,22.4,44.5,4,R32,0.6,9.71,13.83,False,27.68,False,8.0,0.075
188,22,24.24,22.7,62.3,2,R32,0.7164,15.12,12.47,False,30.99,False,7.711,0.0929
188,23,22.81,21.7,65.2,1,R32,0.4498,14.88,15.27,False,27.03,False,8.0,0.0562
188,0,23.63,23.1,75.9,1,R32,0.2943,18.61,18.9,False,26.39,False,8.0,0.0368
188,1,23.15,24.5,67.0,4,R32,0.6,17.97,15.93,False,28.77,False,8.0,0.075
188,2,21.99,26.0,54.8,3,R32,0.45,16.2,19.57,False,26.21,False,8.0,0.0562
188,3,21.55,24.1,36.3,2,R32,0.3,8.21,19.81,False,24.36,False,8.0,0.0375
188,4,21.79,22.6,60.4,3,R32,0.45,14.54,16.17,False,26.01,False,8.0,0.0562
188,5,21.19,24.1,42.1,1,R32,0.15,10.42,21.96,False,22.59,False,8.0,0.0187
189,22,25.35,21.3,45.8,3,R32,1.5425,9.14,9.14,True,41.11,False,4.415,0.3494
189,23,23.65,22.6,37.3,2,R32,0.5828,7.28,14.27,False,29.11,False,8.0,0.0729
189,0,22.59,24.2,55.9,1,R32,0.15,14.84,22.06,False,24.0,False,8.0,0.0187
189,1,21.16,24.2,71.8,1,R32,0.15,18.79,22.06,False,22.57,False,8.0,0.0187
189,2,21.25,20.9,53.4,3,R32,0.5454,11.07,13.11,False,26.37,False,8.0,0.0682
189,3,21.42,22.2,45.7,1,R32,0.15,9.93,20.06,False,22.82,False,8.0,0.0187
189,4,20.84,20.5,51.1,1,R32,0.2408,10.04,17.06,False,23.09,False,8.0,0.0301
189,5,21.21,23.1,41.0,1,R32,0.15,9.12,20.96,False,22.62,False,8.0,0.0187
190,22,24.51,23.0,56.8,3,R32,0.8582,13.97,10.74,False,32.77,False,6.443,0.1332
190,23,23.53,23.9,52.4,4,R32,0.6,13.56,15.33,False,29.15,False,8.0,0.075
190,0,22.75,23.6,55.5,4,R32,0.6,14.17,15.03,False,28.37,False,8.0,0.075
190,1,22.5,25.0,63.5,3,R32,0.45,17.59,18.57,False,26.72,False,8.0,0.0562
190,2,20.72,22.0,48.1,1,R32,0.15,10.51,19.86,False,22.13,False,8.0,0.0187
190,3,21.29,23.4,60.4,4,R32,0.6,15.29,14.83,False,26.92,False,8.0,0.075
190,4,20.89,24.6,57.3,2,R32,0.3,15.6,20.31,False,23.7,False,8.0,0.0375
190,5,22.36,22.5,46.0,2,R32,0.3,10.3,18.21,False,25.17,False,8.0,0.0375
191,22,24.46,22.7,64.0,3,R32,0.9265,15.54,9.46,False,33.5,False,5.879,0.1576
191,23,23.53,24.3,72.4,2,R32,0.3,19.01,20.01,False,26.34,False,8.0,0.0375
191,0,22.27,20.4,56.4,3,R32,0.9561,11.43,6.74,False,31.66,False,5.616,0.1703
191,1,21.0,24.2,44.8,3,R32,0.45,11.44,17.77,False,25.22,False,8.0,0.0562
191,2,21.17,20.0,53.9,2,R32,0.6153,10.38,11.21,False,26.94,False,8.0,0.0769
191,3,20.84,23.9,50.7,1,R32,0.15,13.05,21.76,False,22.25,False,8.0,0.0187
191,4,20.41,22.2,41.2,4,R32,0.6,8.39,13.63,False,26.03,False,8.0,0.075
191,5,21.66,22.9,55.8,2,R32,0.3,13.6,18.61,False,24.47,False,8.0,0.0375
192,22,23.62,20.2,53.5,2,R32,1.2241,10.45,2.71,False,36.31,False,4.106,0.2981
192,23,23.21,23.7,42.2,2,R32,0.3,10.09,19.41,False,26.02,False,8.0,0.0375
192,0,22.44,23.3,45.6,4,R32,0.6,10.89,14.73,False,28.06,False,8.0,0.075
192,1,20.53,26.0,55.5,2,R32,0.3,16.4,21.71,False,23.34,False,8.0,0.0375
192,2,20.65,23.3,44.0,3,R32,0.45,10.36,16.87,False,24.87,False,8.0,0.0562
192,3,21.74,21.5,67.1,1,R32,0.2138,15.13,18.45,False,23.74,False,8.0,0.0267
192,4,20.73,25.2,44.3,3,R32,0.45,12.18,18.77,False,24.95,False,8.0,0.0562
192,5,20.45,20.0,50.5,3,R32,0.5726,9.4,11.82,False,25.82,False,8.0,0.0716
193,22,24.07,22.2,56.8,1,R32,0.6547,13.22,12.85,False,30.21,False,8.0,0.0818
193,23,23.52,24.0,55.9,4,R32,0.6,14.65,15.43,False,29.15,False,8.0,0.075
193,0,22.09,25.1,63.7,3,R32,0.45,17.73,18.67,False,26.31,False,8.0,0.0562
193,1,21.27,22.1,56.7,1,R32,0.15,13.1,19.96,False,22.67,False,8.0,0.0187
193,2,20.91,22.2,48.8,2,R32,0.3,10.91,17.91,False,23.72,False,8.0,0.0375
193,3,19.84,22.1,43.3,2,R32,0.3,9.03,17.81,False,22.65,False,8.0,0.0375
193,4,20.49,20.0,70.8,4,R32,0.7319,14.54,9.54,False,27.36,False,7.935,0.0922
193,5,21.33,22.4,52.8,4,R32,0.6,12.29,13.83,False,26.96,False,8.0,0.075
194,22,25.22,23.8,42.3,1,R32,0.5326,10.22,16.19,False,30.21,False,8.0,0.0666
194,23,22.77,22.9,45.9,3,R32,0.45,10.63,16.47,False,26.99,False,8.0,0.0562
194,0,21.41,23.3,74.0,3,R32,0.45,18.4,16.87,False,25.63,False,8.0,0.0562
194,1,20.91,25.4,64.9,4,R32,0.6,18.32,16.83,False,26.54,False,8.0,0.075
194,2,20.24,20.7,64.8,3,R32,0.45,13.83,14.27,False,24.46,False,8.0,0.0562
194,3,20.68,22.6,38.7,1,R32,0.15,7.82,20.46,False,22.09,False,8.0,0.0187
194,4,20.27,22.0,36.7,2,R32,0.3,6.51,17.71,False,23.08,False,8.0,0.0375
194,5,20.79,23.2,52.2,1,R32,0.15,12.85,21.06,False,22.2,False,8.0,0.0187
195,22,23.02,26.0,70.0,3,R32,0.45,20.1,19.57,False,27.24,False,8.0,0.0562
195,23,22.32,22.3,52.5,4,R32,0.6066,12.11,13.63,False,28.01,False,8.0,0.0758
195,0,21.36,23.7,50.6,2,R32,0.3,12.84,19.41,False,24.17,False,8.0,0.0375
195,1,20.44,23.4,69.7,4,R32,0.6,17.55,14.83,False,26.07,False,8.0,0.075
195,2,19.66,24.1,70.5,2,R32,0.3,18.4,19.81,False,22.47,False,8.0,0.0375
195,3,21.84,23.5,61.3,3,R32,0.45,15.62,17.07,False,26.06,False,8.0,0.0562
195,4,21.13,21.4,62.3,4,R32,0.6,13.89,12.83,False,26.76,False,8.0,0.075
195,5,19.71,23.9,61.8,4,R32,0.6,16.12,15.33,False,25.34,False,8.0,0.075
196,22,24.48,23.9,74.4,3,R32,0.6065,19.07,15.24,False,30.17,False,8.0,0.0758
196,23,22.91,24.9,35.8,2,R32,0.3,8.71,20.61,False,25.72,False,8.0,0.0375
196,0,21.98,20.4,46.8,1,R32,0.5769,8.64,12.16,False,27.39,False,8.0,0.0721
196,1,21.66,24.6,51.5,1,R32,0.15,13.94,22.46,False,23.07,False,8.0,0.0187
196,2,20.38,24.1,63.4,4,R32,0.6,16.71,15.53,False,26.0,False,8.0,0.075
196,3,20.32,20.0,54.0,2,R32,0.3877,10.4,14.46,False,23.96,False,8.0,0.0485
196,4,20.5,23.4,45.1,2,R32,0.3,10.82,19.11,False,23.31,False,8.0,0.0375
196,5,20.73,22.7,35.6,4,R32,0.6,6.69,14.13,False,26.35,False,8.0,0.075
197,22,23.57,24.9,45.3,2,R32,0.3,12.25,20.61,False,26.38,False,8.0,0.0375
197,23,22.64,23.1,50.9,2,R32,0.3,12.38,18.81,False,25.45,False,8.0,0.0375
197,0,21.38,25.1,43.2,4,R32,0.6,11.71,16.53,False,27.01,False,8.0,0.075
197,1,20.42,21.7,61.7,1,R32,0.15,14.02,19.56,False,21.83,False,8.0,0.0187
197,2,20.84,23.3,57.4,1,R32,0.15,14.41,21.16,False,22.25,False,8.0,0.0187
197,3,20.02,25.4,49.9,3,R32,0.45,14.19,18.97,False,24.24,False,8.0,0.0562
197,4,19.23,22.0,33.2,3,R32,0.45,5.06,15.57,False,23.45,False,8.0,0.0562
197,5,21.02,22.4,49.9,2,R32,0.3,11.43,18.11,False,23.83,False,8.0,0.0375
198,22,23.13,22.3,48.8,1,R32,0.3751,11.0,16.94,False,26.65,False,8.0,0.0469
198,23,21.91,26.0,74.7,4,R32,0.6,21.16,17.43,False,27.53,False,8.0,0.075
198,0,21.62,22.5,46.1,4,R32,0.6,10.33,13.93,False,27.24,False,8.0,0.075
198,1,20.36,24.9,60.1,2,R32,0.3,16.63,20.61,False,23.17,False,8.0,0.0375
198,2,19.86,25.5,51.7,1,R32,0.15,14.83,23.36,False,21.27,False,8.0,0.0187
198,3,18.57,20.7,63.1,4,R32,0.6,13.43,12.13,False,24.19,False,8.0,0.075
198,4,20.31,23.5,70.3,2,R32,0.3,17.78,19.21,False,23.12,False,8.0,0.0375
198,5,20.68,21.3,65.4,4,R32,0.6,14.55,12.73,False,26.3,False,8.0,0.075
199,22,23.44,23.2,55.7,1,R32,0.2138,13.85,20.15,False,25.44,False,8.0,0.0267
199,23,21.7,25.8,68.9,4,R32,0.6,19.65,17.23,False,27.33,False,8.0,0.075
199,0,19.77,21.1,62.7,2,R32,0.3,13.71,16.81,False,22.58,False,8.0,0.0375
199,1,20.91,23.4,70.1,2,R32,0.3,17.64,19.11,False,23.72,False,8.0,0.0375
199,2,19.27,22.9,60.2,3,R32,0.45,14.77,16.47,False,23.49,False,8.0,0.0562
199,3,20.2,24.1,64.9,2,R32,0.3,17.08,19.81,False,23.01,False,8.0,0.0375
199,4,19.61,23.8,62.9,1,R32,0.15,16.31,21.66,False,21.02,False,8.0,0.0187
199,5,19.78,24.1,49.6,3,R32,0.45,12.9,17.67,False,24.0,False,8.0,0.0562
200,22,23.84,23.0,71.2,1,R32,0.3761,17.5,17.63,False,27.36,False,8.0,0.047
200,23,21.22,24.0,35.3,2,R32,0.3,7.71,19.71,False,24.03,False,8.0,0.0375
200,0,20.88,21.1,81.1,2,R32,0.3,17.73,16.81,False,23.69,False,8.0,0.0375
200,1,19.62,22.7,68.4,3,R32,0.45,16.58,16.27,False,23.84,False,8.0,0.0562
200,2,19.86,23.2,38.1,4,R32,0.6,8.13,14.63,False,25.48,False,8.0,0.075
200,3,20.11,20.9,72.0,4,R32,0.6,15.66,12.33,False,25.73,False,8.0,0.075
200,4,19.83,21.8,44.7,2,R32,0.3,9.23,17.51,False,22.65,False,8.0,0.0375
200,5,19.35,21.7,49.4,1,R32,0.15,10.64,19.56,False,20.76,False,8.0,0.0187
201,22,22.69,23.0,36.6,4,R32,0.6,7.36,14.43,False,28.32,False,8.0,0.075
201,23,22.69,22.7,33.1,2,R32,0.3,5.63,18.41,False,25.5,False,8.0,0.0375
201,0,21.31,22.0,65.5,1,R32,0.15,15.23,19.86,False,22.72,False,8.0,0.0187
201,1,19.7,23.1,45.5,2,R32,0.3,10.68,18.81,False,22.52,False,8.0,0.0375
201,2,19.32,21.2,55.4,1,R32,0.15,11.91,19.06,False,20.73,False,8.0,0.0187
201,3,18.78,20.0,72.5,4,R32,0.6,14.9,11.43,False,24.41,False,8.0,0.075
201,4,19.56,20.0,37.5,3,R32,0.45,5.05,13.57,False,23.78,False,8.0,0.0562
201,5,19.91,23.5,66.8,3,R32,0.45,16.97,17.07,False,24.13,False,8.0,0.0562
202,22,23.48,22.1,54.3,1,R32,0.5235,12.44,14.62,False,28.39,False,8.0,0.0654
202,23,22.58,23.3,62.2,2,R32,0.3,15.66,19.01,False,25.39,False,8.0,0.0375
202,0,20.58,21.3,57.6,3,R32,0.45,12.59,14.87,False,24.8,False,8.0,0.0562
202,1,20.49,23.4,58.1,3,R32,0.45,14.69,16.97,False,24.71,False,8.0,0.0562
202,2,19.73,20.9,49.7,1,R32,0.15,9.99,18.76,False,21.13,False,8.0,0.0187
202,3,19.43,20.8,45.5,4,R32,0.6,8.59,12.23,False,25.06,False,8.0,0.075
202,4,18.69,24.6,53.1,3,R32,0.45,14.41,18.17,False,22.91,False,8.0,0.0562
202,5,19.52,22.9,47.3,1,R32,0.15,11.08,20.76,False,20.92,False,8.0,0.0187
203,22,23.6,21.9,31.4,2,R32,0.7577,4.18,11.08,False,30.78,False,7.211,0.1051
203,23,21.72,24.4,83.2,4,R32,0.6,21.36,15.83,False,27.35,False,8.0,0.075
203,0,20.75,22.1,48.6,1,R32,0.15,10.76,19.96,False,22.16,False,8.0,0.0187
203,1,20.14,22.0,64.1,3,R32,0.45,14.9,15.57,False,24.36,False,8.0,0.0562
203,2,19.3,23.0,49.2,4,R32,0.6,11.77,14.43,False,24.92,False,8.0,0.075
203,3,19.89,20.5,46.7,2,R32,0.3,8.7,16.21,False,22.71,False,8.0,0.0375
203,4,19.43,23.9,61.3,3,R32,0.45,16.0,17.47,False,23.65,False,8.0,0.0562
203,5,19.83,22.7,67.4,3,R32,0.45,16.35,16.27,False,24.05,False,8.0,0.0562
204,22,22.57,24.5,50.5,4,R32,0.6,13.55,15.93,False,28.19,False,8.0,0.075
204,23,22.86,23.2,45.9,2,R32,0.3,10.9,18.91,False,25.67,False,8.0,0.0375
204,0,21.3,20.0,74.0,1,R32,0.4998,15.22,12.86,False,25.98,False,8.0,0.0625
204,1,19.53,21.7,50.7,3,R32,0.45,11.03,15.27,False,23.75,False,8.0,0.0562
204,2,19.38,20.9,49.2,3,R32,0.45,9.84,14.47,False,23.59,False,8.0,0.0562
204,3,19.61,24.5,50.6,1,R32,0.15,13.58,22.36,False,21.02,False,8.0,0.0187
204,4,18.8,21.8,76.6,3,R32,0.45,17.5,15.37,False,23.02,False,8.0,0.0562
204,5,20.29,24.3,61.7,1,R32,0.15,16.47,22.16,False,21.7,False,8.0,0.0187
205,22,22.99,23.9,40.1,3,R32,0.45,9.51,17.47,False,27.21,False,8.0,0.0562
205,23,20.58,21.3,64.6,1,R32,0.15,14.36,19.16,False,21.98,False,8.0,0.0187
205,0,20.07,24.3,55.2,1,R32,0.15,14.74,22.16,False,21.48,False,8.0,0.0187
205,1,18.81,24.1,44.8,2,R32,0.3,11.35,19.81,False,21.63,False,8.0,0.0375
205,2,19.05,26.0,42.3,4,R32,0.6,12.2,17.43,False,24.68,False,8.0,0.075
205,3,18.77,22.1,64.4,2,R32,0.3,15.07,17.81,False,21.58,False,8.0,0.0375
205,4,18.35,26.0,48.9,4,R32,0.6,14.43,17.43,False,23.97,False,8.0,0.075
205,5,20.09,23.9,36.4,3,R32,0.45,8.08,17.47,False,24.3,False,8.0,0.0562
206,22,21.97,23.6,52.9,4,R32,0.6,13.43,15.03,False,27.6,False,8.0,0.075
206,23,21.73,24.0,62.4,1,R32,0.15,16.37,21.86,False,23.14,False,8.0,0.0187
206,0,20.95,22.9,64.2,3,R32,0.45,15.78,16.47,False,25.17,False,8.0,0.0562
206,1,19.55,22.6,34.1,4,R32,0.6,5.98,14.03,False,25.18,False,8.0,0.075
206,2,18.65,24.1,55.4,4,R32,0.6,14.61,15.53,False,24.27,False,8.0,0.075
206,3,19.27,26.0,43.7,3,R32,0.45,12.7,19.57,False,23.48,False,8.0,0.0562
206,4,18.76,23.1,40.4,3,R32,0.45,8.9,16.67,False,22.98,False,8.0,0.0562
206,5,19.52,22.5,55.2,3,R32,0.45,13.06,16.07,False,23.73,False,8.0,0.0562
207,22,22.03,23.3,38.8,4,R32,0.6,8.49,14.73,False,27.66,False,8.0,0.075
207,23,21.23,22.7,55.3,4,R32,0.6,13.27,14.13,False,26.86,False,8.0,0.075
207,0,19.96,25.3,81.3,4,R32,0.6,21.86,16.73,False,25.59,False,8.0,0.075
207,1,19.25,24.0,85.0,2,R32,0.3,21.32,19.71,False,22.07,False,8.0,0.0375
207,2,18.56,22.6,46.0,4,R32,0.6,10.39,14.03,False,24.19,False,8.0,0.075
207,3,18.95,21.3,41.0,1,R32,0.15,7.51,19.16,False,20.36,False,8.0,0.0187
207,4,18.03,24.0,60.8,3,R32,0.45,15.96,17.57,False,22.25,False,8.0,0.0562
207,5,19.2,21.7,63.3,3,R32,0.45,14.42,15.27,False,23.42,False,8.0,0.0562
208,22,21.54,22.4,65.8,4,R32,0.6,15.69,13.83,False,27.17,False,8.0,0.075
208,23,21.12,22.0,59.1,1,R32,0.15,13.64,19.86,False,22.53,False,8.0,0.0187
208,0,20.12,21.4,52.2,2,R32,0.3,11.19,17.11,False,22.93,False,8.0,0.0375
208,1,19.85,21.1,54.0,2,R32,0.3,11.43,16.81,False,22.66,False,8.0,0.0375
208,2,18.58,20.3,43.7,4,R32,0.6,7.54,11.73,False,24.2,False,8.0,0.075
208,3,18.89,24.3,63.9,3,R32,0.45,17.03,17.87,False,23.1,False,8.0,0.0562
208,4,18.98,22.3,57.5,3,R32,0.45,13.5,15.87,False,23.2,False,8.0,0.0562
208,5,19.2,24.3,58.3,2,R32,0.3,15.59,20.01,False,22.02,False,8.0,0.0375
209,22,23.43,21.5,50.9,3,R32,0.9718,10.9,7.62,False,32.99,False,5.532,0.1757
209,23,21.11,24.2,48.2,3,R32,0.45,12.56,17.77,False,25.33,False,8.0,0.0562
209,0,19.99,25.0,31.8,1,R32,0.15,7.06,22.86,False,21.39,False,8.0,0.0187
209,1,18.91,22.6,56.6,2,R32,0.3,13.54,18.31,False,21.72,False,8.0,0.0375
209,2,19.51,24.4,52.9,4,R32,0.6,14.17,15.83,False,25.14,False,8.0,0.075
209,3,18.53,23.6,48.5,2,R32,0.3,12.1,19.31,False,21.34,False,8.0,0.0375
209,4,18.58,20.6,51.7,3,R32,0.45,10.31,14.17,False,22.8,False,8.0,0.0562
209,5,19.67,21.9,51.7,1,R32,0.15,11.51,19.76,False,21.08,False,8.0,0.0187
210,22,22.06,20.8,49.1,1,R32,0.491,9.72,13.79,False,26.67,False,8.0,0.0614
210,23,19.99,22.8,31.2,1,R32,0.15,4.87,20.66,False,21.4,False,8.0,0.0187
210,0,19.92,24.1,55.5,2,R32,0.3,14.63,19.81,False,22.73,False,8.0,0.0375
210,1,17.59,24.2,64.6,4,R32,0.6,17.1,15.63,False,23.21,False,8.0,0.075
210,2,18.63,25.0,59.3,4,R32,0.6,16.51,16.43,False,24.26,False,8.0,0.075
210,3,18.05,24.4,44.1,3,R32,0.45,11.39,17.97,False,22.27,False,8.0,0.0562
210,4,18.56,21.3,48.1,3,R32,0.45,9.87,14.87,False,22.78,False,8.0,0.0562
210,5,18.58,22.3,72.9,3,R32,0.45,17.2,15.87,False,22.8,False,8.0,0.0562
211,22,21.18,22.7,55.8,2,R32,0.3,13.41,18.41,False,23.99,False,8.0,0.0375
211,23,19.68,22.6,57.3,1,R32,0.15,13.73,20.46,False,21.09,False,8.0,0.0187
211,0,19.87,23.2,48.5,1,R32,0.15,11.74,21.06,False,21.27,False,8.0,0.0187
211,1,18.67,23.2,68.6,1,R32,0.15,17.1,21.06,False,20.08,False,8.0,0.0187
211,2,18.34,23.9,54.7,4,R32,0.6,14.22,15.33,False,23.96,False,8.0,0.075
211,3,18.1,23.9,51.0,4,R32,0.6,13.14,15.33,False,23.73,False,8.0,0.075
211,4,19.81,22.2,59.5,3,R32,0.45,13.93,15.77,False,24.03,False,8.0,0.0562
211,5,19.41,23.1,51.3,4,R32,0.6,12.5,14.53,False,25.04,False,8.0,0.075
212,22,22.33,23.6,59.7,1,R32,0.15,15.3,21.46,False,23.74,False,8.0,0.0187
212,23,20.35,24.8,52.4,2,R32,0.3,14.39,20.51,False,23.17,False,8.0,0.0375
212,0,19.4,24.0,47.5,3,R32,0.45,12.15,17.57,False,23.62,False,8.0,0.0562
212,1,18.82,22.0,68.0,1,R32,0.15,15.82,19.86,False,20.23,False,8.0,0.0187
212,2,18.01,21.2,28.5,1,R32,0.15,2.2,19.06,False,19.42,False,8.0,0.0187
212,3,17.97,23.3,48.3,1,R32,0.15,11.76,21.16,False,19.38,False,8.0,0.0187
212,4,18.41,22.5,70.5,2,R32,0.3,16.86,18.21,False,21.22,False,8.0,0.0375
212,5,19.95,25.0,56.3,1,R32,0.15,15.69,22.86,False,21.36,False,8.0,0.0187
213,22,20.63,23.6,50.4,1,R32,0.15,12.69,21.46,False,22.04,False,8.0,0.0187
213,23,20.61,23.3,48.3,2,R32,0.3,11.76,19.01,False,23.42,False,8.0,0.0375
213,0,18.09,22.7,44.2,4,R32,0.6,9.88,14.13,False,23.72,False,8.0,0.075
213,1,18.86,21.7,37.6,1,R32,0.15,6.6,19.56,False,20.27,False,8.0,0.0187
213,2,17.85,24.3,55.4,4,R32,0.6,14.79,15.73,False,23.47,False,8.0,0.075
213,3,18.3,21.6,58.2,4,R32,0.6,13.03,13.03,False,23.93,False,8.0,0.075
213,4,17.23,26.0,50.3,3,R32,0.45,14.86,19.57,False,21.44,False,8.0,0.0562
213,5,18.77,24.2,69.7,3,R32,0.45,18.31,17.77,False,22.99,False,8.0,0.0562
214,22,21.76,21.0,60.4,1,R32,0.3558,13.04,15.92,False,25.1,False,8.0,0.0445
214,23,20.16,24.9,55.4,3,R32,0.45,15.35,18.47,False,24.38,False,8.0,0.0562
214,0,21.03,20.0,51.0,2,R32,0.5769,9.55,11.76,False,26.43,False,8.0,0.0721
214,1,17.52,24.6,63.3,3,R32,0.45,17.16,18.17,False,21.74,False,8.0,0.0562
214,2,17.87,22.8,92.2,2,R32,0.3,21.47,18.51,False,20.68,False,8.0,0.0375
214,3,17.72,23.3,48.6,1,R32,0.15,11.86,21.16,False,19.12,False,8.0,0.0187
214,4,18.27,24.0,78.0,1,R32,0.15,19.92,21.86,False,19.68,False,8.0,0.0187
214,5,17.24,23.9,45.1,1,R32,0.15,11.27,21.76,False,18.64,False,8.0,0.0187
215,22,23.08,22.7,68.2,3,R32,0.5531,16.53,14.8,False,28.27,False,8.0,0.0691
215,23,21.12,20.4,47.1,1,R32,0.3442,8.74,15.48,False,24.35,False,8.0,0.043
215,0,19.25,21.8,73.7,1,R32,0.15,16.89,19.66,False,20.66,False,8.0,0.0187
215,1,17.4,23.0,79.0,2,R32,0.3,19.16,18.71,False,20.21,False,8.0,0.0375
215,2,17.94,23.4,41.6,1,R32,0.15,9.61,21.26,False,19.35,False,8.0,0.0187
215,3,18.47,25.0,44.3,3,R32,0.45,12.0,18.57,False,22.69,False,8.0,0.0562
215,4,16.87,23.4,58.8,1,R32,0.15,14.88,21.26,False,18.27,False,8.0,0.0187
215,5,18.82,24.4,37.4,4,R32,0.6,8.92,15.83,False,24.45,False,8.0,0.075
216,22,20.2,25.2,40.3,4,R32,0.6,10.75,16.63,False,25.83,False,8.0,0.075
216,23,19.78,20.0,54.4,1,R32,0.15,10.52,17.86,False,21.19,False,8.0,0.0187
216,0,18.23,25.8,35.6,1,R32,0.15,9.43,23.66,False,19.63,False,8.0,0.0187
216,1,18.1,24.6,41.5,3,R32,0.45,10.65,18.17,False,22.32,False,8.0,0.0562
216,2,17.26,22.2,57.9,4,R32,0.6,13.51,13.63,False,22.88,False,8.0,0.075
216,3,17.36,21.0,52.1,4,R32,0.6,10.79,12.43,False,22.98,False,8.0,0.075
216,4,17.27,20.0,45.5,3,R32,0.45,7.86,13.57,False,21.49,False,8.0,0.0562
216,5,18.15,21.5,63.4,4,R32,0.6,14.25,12.93,False,23.78,False,8.0,0.075
217,22,20.89,22.1,47.1,1,R32,0.15,10.29,19.96,False,22.3,False,8.0,0.0187
217,23,19.6,22.6,73.0,2,R32,0.3,17.51,18.31,False,22.42,False,8.0,0.0375
217,0,18.17,24.8,60.9,3,R32,0.45,16.74,18.37,False,22.39,False,8.0,0.0562
217,1,19.25,23.5,50.8,3,R32,0.45,12.72,17.07,False,23.47,False,8.0,0.0562
217,2,16.25,25.1,63.1,1,R32,0.15,17.58,22.96,False,17.66,False,8.0,0.0187
217,3,16.62,22.6,48.6,3,R32,0.45,11.22,16.17,False,20.84,False,8.0,0.0562
217,4,16.86,22.3,53.3,2,R32,0.3,12.34,18.01,False,19.67,False,8.0,0.0375
217,5,17.18,22.3,56.3,4,R32,0.6,13.18,13.73,False,22.8,False,8.0,0.075
218,22,20.28,20.7,60.4,2,R32,0.3,12.75,16.41,False,23.09,False,8.0,0.0375
218,23,20.51,21.4,67.3,1,R32,0.15,15.09,19.26,False,21.92,False,8.0,0.0187
218,0,17.38,23.5,80.1,2,R32,0.3,19.87,19.21,False,20.19,False,8.0,0.0375
218,1,18.06,22.7,55.2,3,R32,0.45,13.25,16.27,False,22.28,False,8.0,0.0562
218,2,17.04,22.4,52.9,4,R32,0.6,12.32,13.83,False,22.67,False,8.0,0.075
218,3,15.67,23.8,50.8,4,R32,0.6,12.99,15.23,False,21.3,False,8.0,0.075
218,4,17.64,23.7,53.6,2,R32,0.3,13.72,19.41,False,20.45,False,8.0,0.0375
218,5,18.14,21.7,61.3,4,R32,0.6,13.92,13.13,False,23.76,False,8.0,0.075
219,22,21.39,21.4,70.0,1,R32,0.15,15.7,19.26,False,22.8,False,8.0,0.0187
219,23,19.89,24.3,46.9,2,R32,0.3,12.23,20.01,False,22.71,False,8.0,0.0375
219,0,18.69,23.9,66.9,1,R32,0.15,17.37,21.76,False,20.1,False,8.0,0.0187
219,1,17.0,22.2,47.4,1,R32,0.15,10.47,20.06,False,18.4,False,8.0,0.0187
219,2,18.18,23.6,43.4,2,R32,0.3,10.42,19.31,False,20.99,False,8.0,0.0375
219,3,16.82,22.0,68.0,2,R32,0.3,15.82,17.71,False,19.63,False,8.0,0.0375
219,4,19.2,23.4,44.9,3,R32,0.45,10.75,16.97,False,23.42,False,8.0,0.0562
219,5,18.76,21.6,66.4,1,R32,0.15,15.07,19.46,False,20.17,False,8.0,0.0187
220,22,20.1,24.2,55.0,4,R32,0.6,14.59,15.63,False,25.73,False,8.0,0.075
220,23,18.76,22.2,54.9,4,R32,0.6,12.7,13.63,False,24.39,False,8.0,0.075
220,0,17.99,20.4,40.2,2,R32,0.3,6.41,16.11,False,20.8,False,8.0,0.0375
220,1,17.6,22.3,72.3,1,R32,0.15,17.07,20.16,False,19.01,False,8.0,0.0187
220,2,16.93,24.2,61.4,3,R32,0.45,16.3,17.77,False,21.15,False,8.0,0.0562
220,3,17.7,23.0,88.3,4,R32,0.6,20.96,14.43,False,23.33,False,8.0,0.075
220,4,18.68,22.1,38.9,1,R32,0.15,7.45,19.96,False,20.09,False,8.0,0.0187
220,5,17.73,23.6,37.2,4,R32,0.6,8.13,15.03,False,23.35,False,8.0,0.075
221,22,21.29,24.8,59.1,3,R32,0.45,16.27,18.37,False,25.51,False,8.0,0.0562
221,23,19.22,20.6,41.8,4,R32,0.6,7.16,12.03,False,24.85,False,8.0,0.075
221,0,18.48,22.4,41.0,2,R32,0.3,8.49,18.11,False,21.29,False,8.0,0.0375
221,1,17.83,21.9,35.1,4,R32,0.6,5.78,13.33,False,23.46,False,8.0,0.075
221,2,18.24,23.9,57.9,4,R32,0.6,15.1,15.33,False,23.87,False,8.0,0.075
221,3,17.37,25.1,45.0,1,R32,0.15,12.33,22.96,False,18.78,False,8.0,0.0187
221,4,17.3,21.4,45.0,2,R32,0.3,8.97,17.11,False,20.12,False,8.0,0.0375
221,5,18.8,23.6,69.0,4,R32,0.6,17.58,15.03,False,24.43,False,8.0,0.075
222,22,20.94,22.4,61.5,2,R32,0.3,14.63,18.11,False,23.75,False,8.0,0.0375
222,23,19.65,23.2,56.7,4,R32,0.6,14.13,14.63,False,25.28,False,8.0,0.075
222,0,19.0,21.2,58.7,1,R32,0.15,12.79,19.06,False,20.4,False,8.0,0.0187
222,1,16.9,23.7,61.7,3,R32,0.45,15.91,17.27,False,21.12,False,8.0,0.0562
222,2,16.47,22.1,43.7,1,R32,0.15,9.17,19.96,False,17.88,False,8.0,0.0187
222,3,16.64,22.9,69.8,4,R32,0.6,17.09,14.33,False,22.27,False,8.0,0.075
222,4,16.0,22.2,68.2,1,R32,0.15,16.06,20.06,False,17.4,False,8.0,0.0187
222,5,17.53,23.4,49.6,1,R32,0.15,12.26,21.26,False,18.93,False,8.0,0.0187
223,22,21.88,23.3,53.2,2,R32,0.3,13.24,19.01,False,24.69,False,8.0,0.0375
223,23,19.94,23.3,43.6,1,R32,0.15,10.22,21.16,False,21.35,False,8.0,0.0187
223,0,17.35,24.5,53.7,1,R32,0.15,14.49,22.36,False,18.75,False,8.0,0.0187
223,1,17.36,23.2,42.3,2,R32,0.3,9.68,18.91,False,20.17,False,8.0,0.0375
223,2,15.85,22.1,35.4,1,R32,0.15,6.08,19.96,False,17.26,False,8.0,0.0187
223,3,16.61,24.1,70.4,2,R32,0.3,18.37,19.81,False,19.42,False,8.0,0.0375
223,4,16.66,21.5,46.4,1,R32,0.15,9.52,19.36,False,18.07,False,8.0,0.0187
223,5,17.63,23.3,66.4,4,R32,0.6,16.68,14.73,False,23.25,False,8.0,0.075
224,22,20.96,24.2,66.4,1,R32,0.15,17.54,22.06,False,22.36,False,8.0,0.0187
224,23,19.99,23.3,52.7,3,R32,0.45,13.09,16.87,False,24.21,False,8.0,0.0562
224,0,19.0,23.8,28.1,1,R32,0.15,4.24,21.66,False,20.41,False,8.0,0.0187
224,1,17.43,22.6,69.1,1,R32,0.15,16.64,20.46,False,18.84,False,8.0,0.0187
224,2,17.13,25.3,55.9,4,R32,0.6,15.86,16.73,False,22.76,False,8.0,0.075
224,3,17.37,24.1,55.3,1,R32,0.15,14.58,21.96,False,18.78,False,8.0,0.0187
224,4,18.32,23.9,44.1,3,R32,0.45,10.93,17.47,False,22.54,False,8.0,0.0562
224,5,17.41,21.8,48.6,4,R32,0.6,10.48,13.23,False,23.03,False,8.0,0.075
225,22,20.88,22.3,61.9,3,R32,0.45,14.64,15.87,False,25.1,False,8.0,0.0562
225,23,18.25,22.8,42.2,1,R32,0.15,9.28,20.66,False,19.66,False,8.0,0.0187
225,0,17.48,25.0,63.9,2,R32,0.3,17.69,20.71,False,20.29,False,8.0,0.0375
225,1,18.09,24.5,62.8,3,R32,0.45,16.94,18.07,False,22.31,False,8.0,0.0562
225,2,17.76,23.5,69.7,1,R32,0.15,17.64,21.36,False,19.16,False,8.0,0.0187
225,3,16.74,22.0,32.5,2,R32,0.3,4.76,17.71,False,19.55,False,8.0,0.0375
225,4,16.37,22.9,53.4,1,R32,0.15,12.92,20.76,False,17.77,False,8.0,0.0187
225,5,17.79,22.8,47.8,1,R32,0.15,11.15,20.66,False,19.2,False,8.0,0.0187
226,22,20.16,21.7,55.9,4,R32,0.6,12.51,13.13,False,25.79,False,8.0,0.075
226,23,19.5,20.6,41.4,3,R32,0.45,7.02,14.17,False,23.72,False,8.0,0.0562
226,0,18.44,23.3,62.5,2,R32,0.3,15.73,19.01,False,21.25,False,8.0,0.0375
226,1,16.56,23.7,43.8,4,R32,0.6,10.65,15.13,False,22.19,False,8.0,0.075
226,2,16.19,24.6,83.1,1,R32,0.15,21.54,22.46,False,17.59,False,8.0,0.0187
226,3,16.04,25.0,52.3,3,R32,0.45,14.55,18.57,False,20.26,False,8.0,0.0562
226,4,15.8,22.3,44.8,1,R32,0.15,9.72,20.16,False,17.21,False,8.0,0.0187
226,5,17.75,24.8,79.9,4,R32,0.6,21.09,16.23,False,23.38,False,8.0,0.075
227,22,19.7,23.3,73.4,1,R32,0.15,18.27,21.16,False,21.11,False,8.0,0.0187
227,23,18.49,23.0,59.4,2,R32,0.3,14.66,18.71,False,21.3,False,8.0,0.0375
227,0,17.42,22.6,55.4,1,R32,0.15,13.21,20.46,False,18.83,False,8.0,0.0187
227,1,18.21,22.3,64.3,1,R32,0.15,15.23,20.16,False,19.62,False,8.0,0.0187
227,2,17.28,22.1,55.5,2,R32,0.3,12.77,17.81,False,20.09,False,8.0,0.0375
227,3,17.03,20.9,65.6,4,R32,0.6,14.21,12.33,False,22.65,False,8.0,0.075
227,4,15.34,22.8,70.9,4,R32,0.6,17.24,14.23,False,20.97,False,8.0,0.075
227,5,18.45,23.2,61.2,3,R32,0.45,15.31,16.77,False,22.67,False,8.0,0.0562
228,22,19.6,21.7,63.7,4,R32,0.6,14.52,13.13,False,25.22,False,8.0,0.075
228,23,19.12,22.3,62.3,3,R32,0.45,14.74,15.87,False,23.34,False,8.0,0.0562
228,0,16.93,22.4,34.9,1,R32,0.15,6.14,20.26,False,18.34,False,8.0,0.0187
228,1,17.09,22.1,57.4,3,R32,0.45,13.29,15.67,False,21.31,False,8.0,0.0562
228,2,15.77,20.7,74.0,1,R32,0.15,15.9,18.56,False,17.18,False,8.0,0.0187
228,3,15.99,22.6,39.4,4,R32,0.6,8.09,14.03,False,21.61,False,8.0,0.075
228,4,15.72,22.4,81.9,2,R32,0.3,19.15,18.11,False,18.53,False,8.0,0.0375
228,5,16.46,22.8,69.9,1,R32,0.15,17.02,20.66,False,17.87,False,8.0,0.0187
229,22,18.93,25.9,54.3,3,R32,0.45,15.96,19.47,False,23.15,False,8.0,0.0562
229,23,18.31,22.3,61.9,2,R32,0.3,14.64,18.01,False,21.12,False,8.0,0.0375
229,0,17.1,23.0,66.8,4,R32,0.6,16.49,14.43,False,22.72,False,8.0,0.075
229,1,17.33,21.3,55.5,2,R32,0.3,12.03,17.01,False,20.14,False,8.0,0.0375
229,2,15.57,22.3,51.4,2,R32,0.3,11.79,18.01,False,18.38,False,8.0,0.0375
229,3,16.04,20.2,72.3,4,R32,0.6,15.05,11.63,False,21.67,False,8.0,0.075
229,4,15.67,20.9,56.1,2,R32,0.3,11.82,16.61,False,18.48,False,8.0,0.0375
229,5,17.51,22.9,51.4,2,R32,0.3,12.34,18.61,False,20.33,False,8.0,0.0375
230,22,19.63,23.2,54.2,1,R32,0.15,13.43,21.06,False,21.04,False,8.0,0.0187
230,23,18.27,26.0,61.6,1,R32,0.15,18.05,23.86,False,19.67,False,8.0,0.0187
230,0,17.33,23.8,35.7,4,R32,0.6,7.7,15.23,False,22.95,False,8.0,0.075
230,1,16.28,24.9,58.3,3,R32,0.45,16.15,18.47,False,20.5,False,8.0,0.0562
230,2,16.17,25.1,69.4,1,R32,0.15,19.1,22.96,False,17.58,False,8.0,0.0187
230,3,16.14,22.9,57.8,1,R32,0.15,14.14,20.76,False,17.55,False,8.0,0.0187
230,4,16.45,24.4,46.3,1,R32,0.15,12.13,22.26,False,17.86,False,8.0,0.0187
230,5,16.31,22.1,54.7,1,R32,0.15,12.55,19.96,False,17.71,False,8.0,0.0187
231,22,19.95,22.5,52.8,3,R32,0.45,12.38,16.07,False,24.17,False,8.0,0.0562
231,23,17.08,24.8,65.5,3,R32,0.45,17.89,18.37,False,21.3,False,8.0,0.0562
231,0,18.01,21.3,76.2,4,R32,0.6,16.94,12.73,False,23.63,False,8.0,0.075
231,1,16.1,21.3,41.4,3,R32,0.45,7.65,14.87,False,20.32,False,8.0,0.0562
231,2,15.88,23.7,61.4,1,R32,0.15,15.83,21.56,False,17.28,False,8.0,0.0187
231,3,16.46,21.5,53.3,1,R32,0.15,11.6,19.36,False,17.86,False,8.0,0.0187
231,4,15.16,24.6,28.3,2,R32,0.3,5.02,20.31,False,17.97,False,8.0,0.0375
231,5,16.5,21.3,62.1,1,R32,0.15,13.75,19.16,False,17.9,False,8.0,0.0187
232,22,19.08,22.5,72.0,3,R32,0.45,17.2,16.07,False,23.3,False,8.0,0.0562
232,23,18.94,21.2,70.6,3,R32,0.45,15.64,14.77,False,23.16,False,8.0,0.0562
232,0,17.53,22.0,79.4,4,R32,0.6,18.27,13.43,False,23.16,False,8.0,0.075
232,1,16.86,23.7,72.5,4,R32,0.6,18.46,15.13,False,22.49,False,8.0,0.075
232,2,16.09,21.4,50.2,1,R32,0.15,10.6,19.26,False,17.5,False,8.0,0.0187
232,3,16.03,24.3,74.3,3,R32,0.45,19.43,17.87,False,20.25,False,8.0,0.0562
232,4,15.53,23.6,55.4,1,R32,0.15,14.14,21.46,False,16.93,False,8.0,0.0187
232,5,17.2,21.4,33.8,1,R32,0.15,4.79,19.26,False,18.6,False,8.0,0.0187
233,22,20.15,24.5,47.9,3,R32,0.45,12.73,18.07,False,24.37,False,8.0,0.0562
233,23,18.02,20.2,48.8,4,R32,0.6,9.08,11.63,False,23.64,False,8.0,0.075
233,0,17.76,24.0,72.2,1,R32,0.15,18.68,21.86,False,19.16,False,8.0,0.0187
233,1,16.42,23.6,45.4,1,R32,0.15,11.1,21.46,False,17.83,False,8.0,0.0187
233,2,15.5,21.3,50.8,4,R32,0.6,10.69,12.73,False,21.13,False,8.0,0.075
233,3,15.54,21.7,42.8,2,R32,0.3,8.5,17.41,False,18.35,False,8.0,0.0375
233,4,16.24,22.2,47.6,2,R32,0.3,10.54,17.91,False,19.06,False,8.0,0.0375
233,5,16.73,22.7,44.6,4,R32,0.6,10.02,14.13,False,22.36,False,8.0,0.075
234,22,19.02,24.3,54.2,1,R32,0.15,14.45,22.16,False,20.43,False,8.0,0.0187
234,23,18.32,24.4,60.5,4,R32,0.6,16.26,15.83,False,23.94,False,8.0,0.075
234,0,17.68,21.4,53.2,3,R32,0.45,11.48,14.97,False,21.9,False,8.0,0.0562
234,1,17.4,24.4,43.5,2,R32,0.3,11.18,20.11,False,20.21,False,8.0,0.0375
234,2,16.71,23.0,50.3,4,R32,0.6,12.1,14.43,False,22.34,False,8.0,0.075
234,3,16.58,21.8,63.3,4,R32,0.6,14.51,13.23,False,22.21,False,8.0,0.075
234,4,16.05,20.7,48.5,2,R32,0.3,9.44,16.41,False,18.87,False,8.0,0.0375
234,5,17.14,24.9,48.8,1,R32,0.15,13.39,22.76,False,18.55,False,8.0,0.0187
235,22,19.35,23.1,63.3,2,R32,0.3,15.74,18.81,False,22.16,False,8.0,0.0375
235,23,17.95,22.0,55.6,1,R32,0.15,12.71,19.86,False,19.35,False,8.0,0.0187
235,0,16.92,25.7,58.6,3,R32,0.45,16.98,19.27,False,21.14,False,8.0,0.0562
235,1,16.04,25.7,52.0,2,R32,0.3,15.1,21.41,False,18.85,False,8.0,0.0375
235,2,15.8,22.8,55.4,1,R32,0.15,13.4,20.66,False,17.21,False,8.0,0.0187
235,3,15.76,22.0,69.8,4,R32,0.6,16.23,13.43,False,21.39,False,8.0,0.075
235,4,15.82,20.6,80.1,4,R32,0.6,17.05,12.03,False,21.44,False,8.0,0.075
235,5,16.88,20.0,39.6,1,R32,0.15,5.83,17.86,False,18.28,False,8.0,0.0187
236,22,18.09,22.6,80.7,2,R32,0.3,19.11,18.31,False,20.9,False,8.0,0.0375
236,23,17.2,23.6,46.8,2,R32,0.3,11.56,19.31,False,20.02,False,8.0,0.0375
236,0,17.64,23.8,62.5,3,R32,0.45,16.21,17.37,False,21.86,False,8.0,0.0562
236,1,15.45,24.1,55.7,1,R32,0.15,14.69,21.96,False,16.85,False,8.0,0.0187
236,2,15.31,22.4,51.9,4,R32,0.6,12.03,13.83,False,20.93,False,8.0,0.075
236,3,15.52,25.2,24.9,3,R32,0.45,3.71,18.77,False,19.74,False,8.0,0.0562
236,4,17.06,20.9,55.4,1,R32,0.15,11.63,18.76,False,18.47,False,8.0,0.0187
236,5,16.56,22.7,64.6,4,R32,0.6,15.68,14.13,False,22.18,False,8.0,0.075
237,22,20.49,20.8,48.8,4,R32,0.6,9.63,12.23,False,26.11,False,8.0,0.075
237,23,17.97,21.0,51.2,2,R32,0.3,10.53,16.71,False,20.78,False,8.0,0.0375
237,0,17.01,25.4,43.4,3,R32,0.45,12.05,18.97,False,21.23,False,8.0,0.0562
237,1,17.25,21.7,68.3,3,R32,0.45,15.6,15.27,False,21.47,False,8.0,0.0562
237,2,15.79,21.1,65.6,3,R32,0.45,14.4,14.67,False,20.01,False,8.0,0.0562
237,3,14.69,21.9,51.3,3,R32,0.45,11.39,15.47,False,18.91,False,8.0,0.0562
237,4,16.16,21.9,59.3,1,R32,0.15,13.6,19.76,False,17.57,False,8.0,0.0187
237,5,16.27,22.4,58.9,3,R32,0.45,13.97,15.97,False,20.49,False,8.0,0.0562
238,22,19.44,22.9,33.4,2,R32,0.3,5.94,18.61,False,22.25,False,8.0,0.0375
238,23,18.17,20.4,36.7,2,R32,0.3,5.09,16.11,False,20.98,False,8.0,0.0375
238,0,17.23,22.8,52.2,1,R32,0.15,12.49,20.66,False,18.63,False,8.0,0.0187
238,1,16.47,24.1,41.2,4,R32,0.6,10.09,15.53,False,22.09,False,8.0,0.075
238,2,15.31,23.8,45.2,3,R32,0.45,11.22,17.37,False,19.53,False,8.0,0.0562
238,3,16.37,24.1,76.8,3,R32,0.45,19.77,17.67,False,20.59,False,8.0,0.0562
238,4,15.51,21.5,27.1,3,R32,0.45,1.75,15.07,False,19.73,False,8.0,0.0562
238,5,15.92,25.3,69.6,2,R32,0.3,19.34,21.01,False,18.73,False,8.0,0.0375
239,22,17.96,22.8,38.4,4,R32,0.6,7.89,14.23,False,23.58,False,8.0,0.075
239,23,18.43,22.5,51.5,4,R32,0.6,12.0,13.93,False,24.06,False,8.0,0.075
239,0,16.59,22.1,55.4,2,R32,0.3,12.74,17.81,False,19.4,False,8.0,0.0375
239,1,16.5,21.9,59.4,2,R32,0.3,13.63,17.61,False,19.31,False,8.0,0.0375
239,2,14.66,21.5,40.8,4,R32,0.6,7.61,12.93,False,20.28,False,8.0,0.075
239,3,15.99,25.7,63.0,3,R32,0.45,18.13,19.27,False,20.21,False,8.0,0.0562
239,4,15.95,22.8,73.2,2,R32,0.3,17.75,18.51,False,18.77,False,8.0,0.0375
239,5,15.38,23.9,53.9,1,R32,0.15,13.99,21.76,False,16.79,False,8.0,0.0187
240,22,18.51,22.3,61.4,1,R32,0.15,14.51,20.16,False,19.91,False,8.0,0.0187
240,23,17.41,23.4,60.9,4,R32,0.6,15.42,14.83,False,23.04,False,8.0,0.075
240,0,18.49,23.4,41.4,2,R32,0.3,9.54,19.11,False,21.31,False,8.0,0.0375
240,1,15.36,22.3,47.0,3,R32,0.45,10.44,15.87,False,19.58,False,8.0,0.0562
240,2,15.9,20.0,44.4,2,R32,0.3,7.5,15.71,False,18.71,False,8.0,0.0375
240,3,15.11,23.4,31.5,1,R32,0.15,5.53,21.26,False,16.52,False,8.0,0.0187
240,4,14.97,23.3,76.9,1,R32,0.15,19.02,21.16,False,16.38,False,8.0,0.0187
240,5,16.24,24.9,65.4,2,R32,0.3,17.96,20.61,False,19.05,False,8.0,0.0375
241,22,19.68,21.2,60.3,3,R32,0.45,13.2,14.77,False,23.9,False,8.0,0.0562
241,23,16.92,24.9,49.2,4,R32,0.6,13.51,16.33,False,22.54,False,8.0,0.075
241,0,15.94,25.7,50.0,4,R32,0.6,14.49,17.13,False,21.57,False,8.0,0.075
241,1,16.27,22.4,45.2,1,R32,0.15,9.94,20.26,False,17.68,False,8.0,0.0187
241,2,14.67,25.1,73.6,2,R32,0.3,20.05,20.81,False,17.49,False,8.0,0.0375
241,3,15.77,23.0,71.3,1,R32,0.15,17.52,20.86,False,17.17,False,8.0,0.0187
241,4,15.76,26.0,55.8,3,R32,0.45,16.49,19.57,False,19.98,False,8.0,0.0562
241,5,16.93,23.5,42.7,2,R32,0.3,10.09,19.21,False,19.74,False,8.0,0.0375
242,22,18.65,24.2,68.4,4,R32,0.6,18.01,15.63,False,24.28,False,8.0,0.075
242,23,17.84,23.4,63.0,4,R32,0.6,15.95,14.83,False,23.46,False,8.0,0.075
242,0,16.93,23.0,49.6,1,R32,0.15,11.89,20.86,False,18.34,False,8.0,0.0187
242,1,15.96,24.9,55.9,2,R32,0.3,15.49,20.61,False,18.77,False,8.0,0.0375
242,2,16.26,24.9,46.8,4,R32,0.6,12.74,16.33,False,21.89,False,8.0,0.075
242,3,15.66,22.3,50.9,1,R32,0.15,11.64,20.16,False,17.06,False,8.0,0.0187
242,4,15.02,22.3,44.2,3,R32,0.45,9.52,15.87,False,19.24,False,8.0,0.0562
242,5,14.76,23.1,55.1,2,R32,0.3,13.59,18.81,False,17.57,False,8.0,0.0375
243,22,18.85,22.4,36.0,3,R32,0.45,6.59,15.97,False,23.07,False,8.0,0.0562
243,23,17.1,22.2,42.4,1,R32,0.15,8.81,20.06,False,18.51,False,8.0,0.0187
243,0,16.13,22.9,53.3,4,R32,0.6,12.9,14.33,False,21.76,False,8.0,0.075
243,1,15.84,24.3,56.6,3,R32,0.45,15.12,17.87,False,20.06,False,8.0,0.0562
243,2,15.68,25.1,51.4,2,R32,0.3,14.37,20.81,False,18.49,False,8.0,0.0375
243,3,15.9,20.7,46.2,4,R32,0.6,8.72,12.13,False,21.53,False,8.0,0.075
243,4,13.47,21.4,62.0,4,R32,0.6,13.82,12.83,False,19.1,False,8.0,0.075
243,5,16.07,23.8,54.1,4,R32,0.6,13.96,15.23,False,21.7,False,8.0,0.075
244,22,18.83,24.7,47.7,3,R32,0.45,12.85,18.27,False,23.05,False,8.0,0.0562
244,23,16.92,22.9,66.7,3,R32,0.45,16.37,16.47,False,21.14,False,8.0,0.0562
244,0,16.72,22.4,50.6,2,R32,0.3,11.64,18.11,False,19.53,False,8.0,0.0375
244,1,15.39,25.2,65.8,4,R32,0.6,18.35,16.63,False,21.02,False,8.0,0.075
244,2,16.06,22.6,44.4,1,R32,0.15,9.86,20.46,False,17.46,False,8.0,0.0187
244,3,15.19,25.9,52.0,1,R32,0.15,15.29,23.76,False,16.59,False,8.0,0.0187
244,4,15.51,25.3,41.3,3,R32,0.45,11.21,18.87,False,19.72,False,8.0,0.0562
244,5,15.46,21.1,55.0,3,R32,0.45,11.7,14.67,False,19.68,False,8.0,0.0562
245,22,17.89,23.1,66.0,2,R32,0.3,16.4,18.81,False,20.7,False,8.0,0.0375
245,23,17.71,25.8,63.3,4,R32,0.6,18.3,17.23,False,23.34,False,8.0,0.075
245,0,17.01,20.4,57.5,2,R32,0.3,11.72,16.11,False,19.82,False,8.0,0.0375
245,1,15.16,20.2,67.2,1,R32,0.15,13.92,18.06,False,16.56,False,8.0,0.0187
245,2,15.59,23.0,68.1,3,R32,0.45,16.8,16.57,False,19.81,False,8.0,0.0562
245,3,16.38,23.4,58.0,1,R32,0.15,14.66,21.26,False,17.79,False,8.0,0.0187
245,4,15.17,20.6,44.0,3,R32,0.45,7.91,14.17,False,19.39,False,8.0,0.0562
245,5,14.35,22.5,63.6,3,R32,0.45,15.25,16.07,False,18.57,False,8.0,0.0562
246,22,18.25,23.7,36.2,4,R32,0.6,7.82,15.13,False,23.87,False,8.0,0.075
246,23,17.67,22.7,65.1,2,R32,0.3,15.8,18.41,False,20.48,False,8.0,0.0375
246,0,15.94,22.5,51.7,3,R32,0.45,12.06,16.07,False,20.16,False,8.0,0.0562
246,1,15.36,20.0,53.9,1,R32,0.15,10.38,17.86,False,16.77,False,8.0,0.0187
246,2,14.83,22.9,41.8,2,R32,0.3,9.23,18.61,False,17.64,False,8.0,0.0375
246,3,15.97,20.5,58.6,4,R32,0.6,12.11,11.93,False,21.6,False,8.0,0.075
246,4,15.44,25.7,62.9,4,R32,0.6,18.1,17.13,False,21.06,False,8.0,0.075
246,5,16.22,25.0,64.6,1,R32,0.15,17.86,22.86,False,17.62,False,8.0,0.0187
247,22,17.78,25.3,53.7,3,R32,0.45,15.23,18.87,False,22.0,False,8.0,0.0562
247,23,17.51,24.6,64.4,2,R32,0.3,17.43,20.31,False,20.33,False,8.0,0.0375
247,0,16.05,20.6,32.5,2,R32,0.3,3.53,16.31,False,18.87,False,8.0,0.0375
247,1,15.61,23.4,60.8,2,R32,0.3,15.4,19.11,False,18.43,False,8.0,0.0375
247,2,15.15,22.0,59.4,2,R32,0.3,13.72,17.71,False,17.96,False,8.0,0.0375
247,3,14.91,21.5,54.7,4,R32,0.6,11.99,12.93,False,20.53,False,8.0,0.075
247,4,15.1,23.5,51.8,1,R32,0.15,13.01,21.36,False,16.5,False,8.0,0.0187
247,5,15.61,22.4,63.4,2,R32,0.3,15.11,18.11,False,18.42,False,8.0,0.0375
248,22,18.49,23.2,48.8,4,R32,0.6,11.83,14.63,False,24.11,False,8.0,0.075
248,23,16.72,26.0,67.7,4,R32,0.6,19.56,17.43,False,22.34,False,8.0,0.075
248,0,16.7,23.3,44.5,2,R32,0.3,10.53,19.01,False,19.51,False,8.0,0.0375
248,1,15.09,24.7,53.2,3,R32,0.45,14.53,18.27,False,19.31,False,8.0,0.0562
248,2,14.27,21.8,69.3,3,R32,0.45,15.93,15.37,False,18.48,False,8.0,0.0562
248,3,14.69,25.2,54.4,1,R32,0.15,15.34,23.06,False,16.09,False,8.0,0.0187
248,4,15.67,20.0,54.4,4,R32,0.6,10.52,11.43,False,21.3,False,8.0,0.075
248,5,15.21,25.4,38.1,1,R32,0.15,10.08,23.26,False,16.61,False,8.0,0.0187
249,22,19.28,23.4,31.4,1,R32,0.15,5.48,21.26,False,20.69,False,8.0,0.0187
249,23,17.49,24.3,69.8,4,R32,0.6,18.43,15.73,False,23.12,False,8.0,0.075
249,0,16.8,23.9,42.2,2,R32,0.3,10.27,19.61,False,19.61,False,8.0,0.0375
249,1,16.38,23.8,61.3,3,R32,0.45,15.9,17.37,False,20.6,False,8.0,0.0562
249,2,14.4,22.7,42.5,2,R32,0.3,9.3,18.41,False,17.21,False,8.0,0.0375
249,3,15.79,23.0,56.9,2,R32,0.3,13.99,18.71,False,18.6,False,8.0,0.0375
249,4,15.73,23.7,50.4,3,R32,0.45,12.78,17.27,False,19.95,False,8.0,0.0562
249,5,15.61,22.0,66.3,1,R32,0.15,15.42,19.86,False,17.02,False,8.0,0.0187
250,22,17.34,22.4,36.2,4,R32,0.6,6.67,13.83,False,22.96,False,8.0,0.075
250,23,16.26,22.0,44.5,2,R32,0.3,9.35,17.71,False,19.08,False,8.0,0.0375
250,0,16.25,22.3,49.2,4,R32,0.6,11.13,13.73,False,21.87,False,8.0,0.075
250,1,14.71,22.2,49.7,3,R32,0.45,11.19,15.77,False,18.93,False,8.0,0.0562
250,2,14.67,23.5,31.7,3,R32,0.45,5.71,17.07,False,18.89,False,8.0,0.0562
250,3,13.23,24.0,62.5,3,R32,0.45,16.39,17.57,False,17.45,False,8.0,0.0562
250,4,15.37,23.7,55.0,3,R32,0.45,14.12,17.27,False,19.59,False,8.0,0.0562
250,5,15.32,21.1,34.6,3,R32,0.45,4.87,14.67,False,19.54,False,8.0,0.0562
251,22,19.3,22.1,54.6,4,R32,0.6,12.52,13.53,False,24.93,False,8.0,0.075
251,23,17.13,26.0,52.4,3,R32,0.45,15.5,19.57,False,21.34,False,8.0,0.0562
251,0,16.51,21.0,52.4,1,R32,0.15,10.88,18.86,False,17.91,False,8.0,0.0187
251,1,15.87,25.6,33.1,3,R32,0.45,8.17,19.17,False,20.09,False,8.0,0.0562
251,2,15.5,23.0,55.7,1,R32,0.15,13.66,20.86,False,16.9,False,8.0,0.0187
251,3,14.45,21.1,45.3,4,R32,0.6,8.8,12.53,False,20.07,False,8.0,0.075
251,4,15.45,24.8,35.5,3,R32,0.45,8.5,18.37,False,19.67,False,8.0,0.0562
251,5,14.86,24.0,56.0,3,R32,0.45,14.68,17.57,False,19.08,False,8.0,0.0562
252,22,19.18,25.4,51.6,1,R32,0.15,14.71,23.26,False,20.59,False,8.0,0.0187
252,23,17.79,26.0,77.0,1,R32,0.15,21.65,23.86,False,19.2,False,8.0,0.0187
252,0,14.77,20.4,58.1,4,R32,0.6,11.88,11.83,False,20.4,False,8.0,0.075
252,1,14.93,24.8,63.2,2,R32,0.3,17.33,20.51,False,17.75,False,8.0,0.0375
252,2,14.99,20.8,45.0,4,R32,0.6,8.43,12.23,False,20.61,False,8.0,0.075
252,3,13.29,22.7,65.3,2,R32,0.3,15.85,18.41,False,16.1,False,8.0,0.0375
252,4,14.62,24.5,49.4,4,R32,0.6,13.21,15.93,False,20.24,False,8.0,0.075
252,5,15.17,22.9,55.4,3,R32,0.45,13.49,16.47,False,19.39,False,8.0,0.0562
253,22,17.31,23.0,52.9,2,R32,0.3,12.87,18.71,False,20.13,False,8.0,0.0375
253,23,16.74,21.4,58.5,3,R32,0.45,12.92,14.97,False,20.96,False,8.0,0.0562
253,0,15.68,23.7,35.5,4,R32,0.6,7.53,15.13,False,21.3,False,8.0,0.075
253,1,15.81,25.7,42.8,3,R32,0.45,12.11,19.27,False,20.03,False,8.0,0.0562
253,2,14.29,22.2,77.5,4,R32,0.6,18.08,13.63,False,19.92,False,8.0,0.075
253,3,13.99,21.3,27.0,1,R32,0.15,1.53,19.16,False,15.4,False,8.0,0.0187
253,4,14.37,24.4,45.5,1,R32,0.15,11.86,22.26,False,15.77,False,8.0,0.0187
253,5,14.65,21.4,62.9,1,R32,0.15,14.04,19.26,False,16.06,False,8.0,0.0187
254,22,17.79,24.3,45.1,2,R32,0.3,11.64,20.01,False,20.61,False,8.0,0.0375
254,23,18.07,24.7,67.6,4,R32,0.6,18.3,16.13,False,23.69,False,8.0,0.075
254,0,16.52,22.5,47.0,4,R32,0.6,10.62,13.93,False,22.14,False,8.0,0.075
254,1,16.06,23.9,41.3,3,R32,0.45,9.95,17.47,False,20.28,False,8.0,0.0562
254,2,14.96,21.9,51.4,4,R32,0.6,11.42,13.33,False,20.58,False,8.0,0.075
254,3,13.48,22.8,33.3,2,R32,0.3,5.81,18.51,False,16.29,False,8.0,0.0375
254,4,15.64,25.3,35.8,2,R32,0.3,9.07,21.01,False,18.46,False,8.0,0.0375
254,5,13.98,25.0,62.4,1,R32,0.15,17.31,22.86,False,15.39,False,8.0,0.0187
255,22,17.37,23.7,46.5,3,R32,0.45,11.55,17.27,False,21.59,False,8.0,0.0562
255,23,16.59,21.2,48.0,2,R32,0.3,9.75,16.91,False,19.4,False,8.0,0.0375
255,0,15.23,22.0,50.2,1,R32,0.15,11.15,19.86,False,16.64,False,8.0,0.0187
255,1,15.08,22.1,64.2,4,R32,0.6,15.02,13.53,False,20.7,False,8.0,0.075
255,2,14.84,22.3,50.6,2,R32,0.3,11.55,18.01,False,17.65,False,8.0,0.0375
255,3,14.59,24.3,56.0,3,R32,0.45,14.96,17.87,False,18.8,False,8.0,0.0562
255,4,14.82,20.5,62.1,1,R32,0.15,12.99,18.36,False,16.23,False,8.0,0.0187
255,5,15.01,21.8,51.2,2,R32,0.3,11.27,17.51,False,17.83,False,8.0,0.0375
256,22,17.66,24.7,67.8,3,R32,0.45,18.35,18.27,False,21.88,False,8.0,0.0562
256,23,16.1,22.5,54.6,2,R32,0.3,12.89,18.21,False,18.91,False,8.0,0.0375
256,0,15.59,23.3,63.6,1,R32,0.15,16.01,21.16,False,17.0,False,8.0,0.0187
256,1,15.22,26.0,57.0,4,R32,0.6,16.82,17.43,False,20.85,False,8.0,0.075
256,2,13.32,21.0,55.3,1,R32,0.15,11.69,18.86,False,14.73,False,8.0,0.0187
256,3,13.69,23.7,47.8,4,R32,0.6,11.97,15.13,False,19.32,False,8.0,0.075
256,4,14.46,20.5,51.6,1,R32,0.15,10.19,18.36,False,15.87,False,8.0,0.0187
256,5,15.73,21.2,55.9,4,R32,0.6,12.04,12.63,False,21.36,False,8.0,0.075
257,22,17.78,21.0,49.9,1,R32,0.15,10.15,18.86,False,19.18,False,8.0,0.0187
257,23,17.41,22.2,52.0,3,R32,0.45,11.87,15.77,False,21.63,False,8.0,0.0562
257,0,16.4,20.2,47.3,2,R32,0.3,8.62,15.91,False,19.21,False,8.0,0.0375
257,1,14.85,21.9,60.0,4,R32,0.6,13.78,13.33,False,20.48,False,8.0,0.075
257,2,13.7,24.8,37.4,4,R32,0.6,9.27,16.23,False,19.33,False,8.0,0.075
257,3,13.93,23.3,48.9,2,R32,0.3,11.95,19.01,False,16.74,False,8.0,0.0375
257,4,14.92,23.0,55.0,1,R32,0.15,13.47,20.86,False,16.32,False,8.0,0.0187
257,5,14.65,23.9,62.7,1,R32,0.15,16.35,21.76,False,16.05,False,8.0,0.0187
258,22,18.67,23.3,61.0,4,R32,0.6,15.35,14.73,False,24.29,False,8.0,0.075
258,23,16.59,22.7,52.2,2,R32,0.3,12.39,18.41,False,19.4,False,8.0,0.0375
258,0,15.3,25.9,49.2,1,R32,0.15,14.43,23.76,False,16.71,False,8.0,0.0187
258,1,14.94,22.8,64.6,4,R32,0.6,15.78,14.23,False,20.57,False,8.0,0.075
258,2,15.61,24.7,71.2,4,R32,0.6,19.13,16.13,False,21.23,False,8.0,0.075
258,3,14.31,23.9,61.1,3,R32,0.45,15.94,17.47,False,18.53,False,8.0,0.0562
258,4,14.03,25.6,78.3,3,R32,0.45,21.54,19.17,False,18.25,False,8.0,0.0562
258,5,15.47,25.1,65.5,4,R32,0.6,18.18,16.53,False,21.1,False,8.0,0.075
259,22,17.8,22.0,40.0,1,R32,0.15,7.77,19.86,False,19.2,False,8.0,0.0187
259,23,16.42,23.1,65.2,4,R32,0.6,16.21,14.53,False,22.05,False,8.0,0.075
259,0,16.39,24.4,42.1,4,R32,0.6,10.69,15.83,False,22.01,False,8.0,0.075
259,1,15.6,22.4,40.4,3,R32,0.45,8.28,15.97,False,19.82,False,8.0,0.0562
259,2,14.42,23.6,64.4,3,R32,0.45,16.49,17.17,False,18.64,False,8.0,0.0562
259,3,13.19,20.0,58.8,2,R32,0.3,11.69,15.71,False,16.0,False,8.0,0.0375
259,4,14.46,23.1,62.1,3,R32,0.45,15.44,16.67,False,18.68,False,8.0,0.0562
259,5,15.78,23.6,64.2,4,R32,0.6,16.44,15.03,False,21.4,False,8.0,0.075
260,22,18.1,23.0,65.5,2,R32,0.3,16.18,18.71,False,20.92,False,8.0,0.0375
260,23,17.16,22.6,57.8,1,R32,0.15,13.86,20.46,False,18.57,False,8.0,0.0187
260,0,15.56,24.9,66.8,3,R32,0.45,18.3,18.47,False,19.78,False,8.0,0.0562
260,1,16.43,23.7,66.9,1,R32,0.15,17.18,21.56,False,17.84,False,8.0,0.0187
260,2,14.58,21.3,41.1,3,R32,0.45,7.54,14.87,False,18.8,False,8.0,0.0562
260,3,14.42,21.8,51.5,1,R32,0.15,11.36,19.66,False,15.82,False,8.0,0.0187
260,4,14.03,22.2,67.6,2,R32,0.3,15.92,17.91,False,16.84,False,8.0,0.0375
260,5,15.85,21.5,72.2,4,R32,0.6,16.28,12.93,False,21.48,False,8.0,0.075
261,22,16.53,21.8,64.2,2,R32,0.3,14.73,17.51,False,19.34,False,8.0,0.0375
261,23,16.44,20.4,60.3,2,R32,0.3,12.45,16.11,False,19.26,False,8.0,0.0375
261,0,14.51,24.2,68.4,1,R32,0.15,18.01,22.06,False,15.92,False,8.0,0.0187
261,1,14.04,22.0,41.3,2,R32,0.3,8.24,17.71,False,16.85,False,8.0,0.0375
261,2,14.45,20.4,51.8,1,R32,0.15,10.15,18.26,False,15.85,False,8.0,0.0187
261,3,14.18,24.0,62.2,1,R32,0.15,16.32,21.86,False,15.58,False,8.0,0.0187
261,4,14.65,25.4,36.4,2,R32,0.3,9.4,21.11,False,17.47,False,8.0,0.0375
261,5,15.26,21.9,48.7,4,R32,0.6,10.61,13.33,False,20.89,False,8.0,0.075
262,22,18.59,21.6,38.5,3,R32,0.45,6.86,15.17,False,22.81,False,8.0,0.0562
262,23,17.37,24.2,63.8,2,R32,0.3,16.91,19.91,False,20.18,False,8.0,0.0375
262,0,15.47,23.0,43.8,4,R32,0.6,10.02,14.43,False,21.1,False,8.0,0.075
262,1,15.72,23.2,78.6,3,R32,0.45,19.27,16.77,False,19.94,False,8.0,0.0562
262,2,13.87,22.0,51.3,4,R32,0.6,11.48,13.43,False,19.49,False,8.0,0.075
262,3,12.9,22.2,69.9,4,R32,0.6,16.44,13.63,False,18.53,False,8.0,0.075
262,4,15.4,23.3,79.0,1,R32,0.15,19.45,21.16,False,16.8,False,8.0,0.0187
262,5,14.24,20.0,64.4,1,R32,0.15,13.08,17.86,False,15.65,False,8.0,0.0187
263,22,19.47,22.9,44.5,1,R32,0.15,10.16,20.76,False,20.88,False,8.0,0.0187
263,23,15.79,24.0,58.0,2,R32,0.3,15.22,19.71,False,18.6,False,8.0,0.0375
263,0,14.85,24.3,54.5,4,R32,0.6,14.54,15.73,False,20.47,False,8.0,0.075
263,1,15.46,25.1,55.4,2,R32,0.3,15.54,20.81,False,18.27,False,8.0,0.0375
263,2,15.1,21.6,67.7,4,R32,0.6,15.37,13.03,False,20.72,False,8.0,0.075
263,3,13.88,20.0,60.5,2,R32,0.3,12.12,15.71,False,16.69,False,8.0,0.0375
263,4,14.59,24.0,49.4,4,R32,0.6,12.75,15.43,False,20.22,False,8.0,0.075
263,5,14.58,20.2,34.4,4,R32,0.6,3.99,11.63,False,20.2,False,8.0,0.075
264,22,17.53,22.9,71.1,4,R32,0.6,17.38,14.33,False,23.16,False,8.0,0.075
264,23,15.45,22.0,51.0,2,R32,0.3,11.39,17.71,False,18.26,False,8.0,0.0375
264,0,16.01,20.3,46.4,3,R32,0.45,8.42,13.87,False,20.23,False,8.0,0.0562
264,1,14.37,23.9,56.4,4,R32,0.6,14.7,15.33,False,19.99,False,8.0,0.075
264,2,13.97,25.0,20.0,2,R32,0.3,0.46,20.71,False,16.78,False,8.0,0.0375
264,3,14.35,23.5,53.1,3,R32,0.45,13.39,17.07,False,18.57,False,8.0,0.0562
264,4,14.0,25.3,27.5,3,R32,0.45,5.21,18.87,False,18.22,False,8.0,0.0562
264,5,14.96,23.3,76.6,3,R32,0.45,18.96,16.87,False,19.18,False,8.0,0.0562
265,22,17.27,24.0,50.4,2,R32,0.3,13.05,19.71,False,20.08,False,8.0,0.0375
265,23,15.35,22.4,74.2,1,R32,0.15,17.58,20.26,False,16.75,False,8.0,0.0187
265,0,15.38,21.5,40.7,2,R32,0.3,7.58,17.21,False,18.2,False,8.0,0.0375
265,1,15.95,23.3,44.7,4,R32,0.6,10.59,14.73,False,21.58,False,8.0,0.075
265,2,14.91,23.1,49.2,3,R32,0.45,11.86,16.67,False,19.13,False,8.0,0.0562
265,3,13.94,25.3,56.4,2,R32,0.3,16.0,21.01,False,16.76,False,8.0,0.0375
265,4,13.88,24.6,46.6,2,R32,0.3,12.41,20.31,False,16.69,False,8.0,0.0375
265,5,15.01,22.6,21.2,4,R32,0.6,-0.72,14.03,False,20.63,False,8.0,0.075
266,22,17.8,24.0,30.2,1,R32,0.15,5.44,21.86,False,19.21,False,8.0,0.0187
266,23,17.84,24.5,79.3,4,R32,0.6,20.68,15.93,False,23.47,False,8.0,0.075
266,0,16.79,22.4,52.2,1,R32,0.15,12.12,20.26,False,18.19,False,8.0,0.0187
266,1,15.26,23.9,74.4,2,R32,0.3,19.07,19.61,False,18.07,False,8.0,0.0375
266,2,14.33,23.1,64.8,3,R32,0.45,16.11,16.67,False,18.54,False,8.0,0.0562
266,3,13.56,21.3,64.9,4,R32,0.6,14.43,12.73,False,19.19,False,8.0,0.075
266,4,15.43,24.0,52.4,2,R32,0.3,13.65,19.71,False,18.24,False,8.0,0.0375
266,5,13.53,23.1,63.6,2,R32,0.3,15.82,18.81,False,16.34,False,8.0,0.0375
267,22,17.77,23.8,47.9,3,R32,0.45,12.1,17.37,False,21.99,False,8.0,0.0562
267,23,17.49,21.9,55.2,2,R32,0.3,12.5,17.61,False,20.3,False,8.0,0.0375
267,0,16.73,26.0,41.5,1,R32,0.15,11.91,23.86,False,18.14,False,8.0,0.0187
267,1,14.72,20.9,67.4,1,R32,0.15,14.63,18.76,False,16.12,False,8.0,0.0187
267,2,14.32,24.0,42.5,1,R32,0.15,10.47,21.86,False,15.73,False,8.0,0.0187
267,3,15.07,21.3,47.0,3,R32,0.45,9.53,14.87,False,19.29,False,8.0,0.0562
267,4,14.42,23.4,48.5,1,R32,0.15,11.92,21.26,False,15.82,False,8.0,0.0187
267,5,14.26,22.4,35.2,4,R32,0.6,6.26,13.83,False,19.88,False,8.0,0.075
268,22,17.23,22.0,63.4,4,R32,0.6,14.73,13.43,False,22.86,False,8.0,0.075
268,23,16.16,22.3,49.9,2,R32,0.3,11.34,18.01,False,18.97,False,8.0,0.0375
268,0,16.22,24.6,66.6,1,R32,0.15,17.97,22.46,False,17.62,False,8.0,0.0187
268,1,15.27,22.8,70.2,3,R32,0.45,17.08,16.37,False,19.49,False,8.0,0.0562
268,2,14.64,25.7,54.0,2,R32,0.3,15.69,21.41,False,17.45,False,8.0,0.0375
268,3,14.43,23.1,67.8,1,R32,0.15,16.82,20.96,False,15.83,False,8.0,0.0187
268,4,14.21,21.8,67.2,4,R32,0.6,15.44,13.23,False,19.84,False,8.0,0.075
268,5,15.1,23.5,36.2,1,R32,0.15,7.64,21.36,False,16.51,False,8.0,0.0187
269,22,17.64,22.0,65.5,4,R32,0.6,15.23,13.43,False,23.27,False,8.0,0.075
269,23,16.57,23.8,69.6,2,R32,0.3,17.91,19.51,False,19.39,False,8.0,0.0375
269,0,16.01,26.0,60.8,3,R32,0.45,17.84,19.57,False,20.23,False,8.0,0.0562
269,1,14.53,26.0,58.0,4,R32,0.6,17.1,17.43,False,20.15,False,8.0,0.075
269,2,15.06,21.9,42.3,4,R32,0.6,8.51,13.33,False,20.68,False,8.0,0.075
269,3,13.99,22.3,59.7,4,R32,0.6,14.08,13.73,False,19.61,False,8.0,0.075
269,4,14.19,21.6,42.0,1,R32,0.15,8.13,19.46,False,15.6,False,8.0,0.0187
269,5,15.45,23.1,69.8,4,R32,0.6,17.28,14.53,False,21.07,False,8.0,0.075
270,22,18.24,23.0,20.0,1,R32,0.15,-1.19,20.86,False,19.65,False,8.0,0.0187
270,23,16.13,24.9,56.6,4,R32,0.6,15.68,16.33,False,21.76,False,8.0,0.075
270,0,14.69,24.1,67.3,3,R32,0.45,17.66,17.67,False,18.9,False,8.0,0.0562
270,1,14.24,21.9,70.3,3,R32,0.45,16.25,15.47,False,18.46,False,8.0,0.0562
270,2,13.91,23.5,60.5,3,R32,0.45,15.41,17.07,False,18.13,False,8.0,0.0562
270,3,12.19,21.5,48.7,1,R32,0.15,10.24,19.36,False,13.6,False,8.0,0.0187
270,4,14.16,22.9,46.3,2,R32,0.3,10.76,18.61,False,16.97,False,8.0,0.0375
270,5,14.42,24.0,42.0,3,R32,0.45,10.29,17.57,False,18.64,False,8.0,0.0562
271,22,17.04,25.3,43.9,4,R32,0.6,12.13,16.73,False,22.67,False,8.0,0.075
271,23,17.26,21.0,65.4,4,R32,0.6,14.26,12.43,False,22.88,False,8.0,0.075
271,0,15.38,21.8,56.1,1,R32,0.15,12.66,19.66,False,16.79,False,8.0,0.0187
271,1,14.78,24.8,74.3,4,R32,0.6,19.91,16.23,False,20.41,False,8.0,0.075
271,2,13.35,22.3,90.3,2,R32,0.3,20.63,18.01,False,16.17,False,8.0,0.0375
271,3,14.44,20.7,80.0,2,R32,0.3,17.12,16.41,False,17.26,False,8.0,0.0375
271,4,14.02,22.3,69.5,4,R32,0.6,16.45,13.73,False,19.64,False,8.0,0.075
271,5,14.67,22.9,74.1,2,R32,0.3,18.04,18.61,False,17.48,False,8.0,0.0375
272,22,17.44,21.5,45.1,3,R32,0.45,9.09,15.07,False,21.66,False,8.0,0.0562
272,23,15.73,24.3,56.5,4,R32,0.6,15.1,15.73,False,21.36,False,8.0,0.075
272,0,16.34,21.1,44.5,2,R32,0.3,8.53,16.81,False,19.15,False,8.0,0.0375
272,1,15.08,23.4,55.0,3,R32,0.45,13.84,16.97,False,19.3,False,8.0,0.0562
272,2,13.72,24.0,67.7,3,R32,0.45,17.66,17.57,False,17.94,False,8.0,0.0562
272,3,13.67,24.2,52.2,3,R32,0.45,13.78,17.77,False,17.89,False,8.0,0.0562
272,4,13.7,25.2,61.7,1,R32,0.15,17.32,23.06,False,15.11,False,8.0,0.0187
272,5,13.94,25.5,64.2,3,R32,0.45,18.24,19.07,False,18.16,False,8.0,0.0562
273,22,17.99,26.0,60.6,2,R32,0.3,17.79,21.71,False,20.8,False,8.0,0.0375
273,23,16.87,23.9,37.6,4,R32,0.6,8.55,15.33,False,22.49,False,8.0,0.075
273,0,15.69,24.4,65.2,1,R32,0.15,17.44,22.26,False,17.1,False,8.0,0.0187
273,1,14.47,24.6,42.5,1,R32,0.15,11.01,22.46,False,15.87,False,8.0,0.0187
273,2,13.98,23.5,60.3,3,R32,0.45,15.36,17.07,False,18.2,False,8.0,0.0562
273,3,14.5,23.2,43.1,1,R32,0.15,9.96,21.06,False,15.91,False,8.0,0.0187
273,4,13.8,21.7,94.3,2,R32,0.3,20.74,17.41,False,16.61,False,8.0,0.0375
273,5,14.99,23.9,38.3,4,R32,0.6,8.83,15.33,False,20.62,False,8.0,0.075
274,22,17.33,23.9,53.7,3,R32,0.45,13.94,17.47,False,21.55,False,8.0,0.0562
274,23,16.39,23.9,57.7,1,R32,0.15,15.05,21.76,False,17.8,False,8.0,0.0187
274,0,15.87,20.4,62.6,4,R32,0.6,13.02,11.83,False,21.49,False,8.0,0.075
274,1,13.32,23.3,57.4,1,R32,0.15,14.41,21.16,False,14.73,False,8.0,0.0187
274,2,15.54,20.4,64.4,2,R32,0.3,13.45,16.11,False,18.36,False,8.0,0.0375
274,3,13.45,24.4,45.6,2,R32,0.3,11.89,20.11,False,16.27,False,8.0,0.0375
274,4,13.63,20.0,61.2,1,R32,0.15,12.3,17.86,False,15.04,False,8.0,0.0187
274,5,13.61,22.6,48.2,4,R32,0.6,11.09,14.03,False,19.23,False,8.0,0.075
275,22,17.73,20.9,60.5,1,R32,0.15,12.97,18.76,False,19.14,False,8.0,0.0187
275,23,15.95,22.8,50.8,4,R32,0.6,12.07,14.23,False,21.57,False,8.0,0.075
275,0,15.56,22.0,57.4,1,R32,0.15,13.19,19.86,False,16.97,False,8.0,0.0187
275,1,13.64,20.7,72.0,1,R32,0.15,15.47,18.56,False,15.05,False,8.0,0.0187
275,2,14.64,22.3,69.8,2,R32,0.3,16.52,18.01,False,17.45,False,8.0,0.0375
275,3,13.85,22.7,62.4,1,R32,0.15,15.14,20.56,False,15.26,False,8.0,0.0187
275,4,13.56,21.4,67.6,4,R32,0.6,15.16,12.83,False,19.18,False,8.0,0.075
275,5,14.1,22.6,52.2,4,R32,0.6,12.3,14.03,False,19.73,False,8.0,0.075
276,22,17.34,21.0,47.7,1,R32,0.15,9.47,18.86,False,18.75,False,8.0,0.0187
276,23,16.49,21.4,57.2,2,R32,0.3,12.58,17.11,False,19.3,False,8.0,0.0375
276,0,15.15,20.1,42.9,3,R32,0.45,7.09,13.67,False,19.37,False,8.0,0.0562
276,1,14.89,22.1,52.5,2,R32,0.3,11.93,17.81,False,17.7,False,8.0,0.0375
276,2,14.75,22.5,40.2,2,R32,0.3,8.29,18.21,False,17.56,False,8.0,0.0375
276,3,14.77,22.1,78.8,4,R32,0.6,18.24,13.53,False,20.4,False,8.0,0.075
276,4,15.0,22.9,55.3,3,R32,0.45,13.46,16.47,False,19.21,False,8.0,0.0562
276,5,15.21,24.7,43.8,4,R32,0.6,11.56,16.13,False,20.84,False,8.0,0.075
277,22,17.58,23.4,48.3,3,R32,0.45,11.86,16.97,False,21.8,False,8.0,0.0562
277,23,16.33,21.6,60.6,1,R32,0.15,13.65,19.46,False,17.73,False,8.0,0.0187
277,0,15.49,20.0,53.5,2,R32,0.3,10.27,15.71,False,18.3,False,8.0,0.0375
277,1,14.46,23.4,69.6,1,R32,0.15,17.52,21.26,False,15.86,False,8.0,0.0187
277,2,12.52,22.7,75.7,4,R32,0.6,18.19,14.13,False,18.14,False,8.0,0.075
277,3,14.09,23.1,59.5,2,R32,0.3,14.78,18.81,False,16.9,False,8.0,0.0375
277,4,13.66,22.9,36.6,1,R32,0.15,7.27,20.76,False,15.07,False,8.0,0.0187
277,5,15.16,22.4,45.5,1,R32,0.15,10.04,20.26,False,16.56,False,8.0,0.0187
278,22,17.02,23.7,76.4,1,R32,0.15,19.3,21.56,False,18.43,False,8.0,0.0187
278,23,16.37,21.9,45.3,1,R32,0.15,9.52,19.76,False,17.78,False,8.0,0.0187
278,0,15.85,23.2,48.5,4,R32,0.6,11.74,14.63,False,21.48,False,8.0,0.075
278,1,14.82,23.6,54.6,2,R32,0.3,13.92,19.31,False,17.64,False,8.0,0.0375
278,2,14.8,22.4,37.2,1,R32,0.15,7.07,20.26,False,16.21,False,8.0,0.0187
278,3,12.79,24.5,74.7,4,R32,0.6,19.71,15.93,False,18.42,False,8.0,0.075
278,4,13.44,23.6,39.6,4,R32,0.6,9.06,15.03,False,19.07,False,8.0,0.075
278,5,13.91,20.9,33.4,2,R32,0.3,4.19,16.61,False,16.72,False,8.0,0.0375
279,22,18.1,22.9,64.5,2,R32,0.3,15.85,18.61,False,20.92,False,8.0,0.0375
279,23,17.34,24.1,39.5,4,R32,0.6,9.46,15.53,False,22.97,False,8.0,0.075
279,0,16.65,23.1,69.2,4,R32,0.6,17.15,14.53,False,22.28,False,8.0,0.075
279,1,14.89,20.7,61.0,2,R32,0.3,12.91,16.41,False,17.7,False,8.0,0.0375
279,2,13.29,21.3,65.3,4,R32,0.6,14.52,12.73,False,18.91,False,8.0,0.075
279,3,14.19,20.0,53.7,1,R32,0.15,10.32,17.86,False,15.6,False,8.0,0.0187
279,4,14.12,22.2,70.0,1,R32,0.15,16.47,20.06,False,15.53,False,8.0,0.0187
279,5,14.14,22.0,49.3,2,R32,0.3,10.88,17.71,False,16.95,False,8.0,0.0375
280,22,17.97,20.4,50.7,2,R32,0.3,9.83,16.11,False,20.78,False,8.0,0.0375
280,23,15.81,24.1,69.2,2,R32,0.3,18.1,19.81,False,18.62,False,8.0,0.0375
280,0,15.74,22.1,37.1,2,R32,0.3,6.76,17.81,False,18.55,False,8.0,0.0375
280,1,14.33,23.1,65.7,4,R32,0.6,16.33,14.53,False,19.95,False,8.0,0.075
280,2,14.93,24.0,54.7,2,R32,0.3,14.32,19.71,False,17.74,False,8.0,0.0375
280,3,14.86,23.1,54.6,1,R32,0.15,13.45,20.96,False,16.27,False,8.0,0.0187
280,4,14.44,22.7,60.1,2,R32,0.3,14.56,18.41,False,17.25,False,8.0,0.0375
280,5,15.2,20.5,48.1,3,R32,0.45,9.14,14.07,False,19.42,False,8.0,0.0562
281,22,18.64,22.0,36.1,2,R32,0.3,6.27,17.71,False,21.45,False,8.0,0.0375
281,23,15.93,20.8,50.1,4,R32,0.6,10.02,12.23,False,21.56,False,8.0,0.075
281,0,14.88,22.5,47.3,3,R32,0.45,10.72,16.07,False,19.09,False,8.0,0.0562
281,1,14.92,22.6,60.2,1,R32,0.15,14.49,20.46,False,16.33,False,8.0,0.0187
281,2,14.01,22.9,57.8,2,R32,0.3,14.14,18.61,False,16.82,False,8.0,0.0375
281,3,11.85,23.0,44.1,2,R32,0.3,10.12,18.71,False,14.66,False,8.0,0.0375
281,4,14.89,24.0,84.3,1,R32,0.15,21.19,21.86,False,16.3,False,8.0,0.0187
281,5,15.23,24.6,92.1,4,R32,0.6,23.23,16.03,False,20.86,False,8.0,0.075
282,22,17.3,21.9,87.7,2,R32,0.3,19.77,17.61,False,20.12,False,8.0,0.0375
282,23,17.09,22.8,58.3,1,R32,0.15,14.18,20.66,False,18.49,False,8.0,0.0187
282,0,15.03,21.7,63.5,1,R32,0.15,14.47,19.56,False,16.43,False,8.0,0.0187
282,1,14.17,23.8,87.0,3,R32,0.45,21.5,17.37,False,18.39,False,8.0,0.0562
282,2,13.59,22.5,72.2,3,R32,0.45,17.24,16.07,False,17.81,False,8.0,0.0562
282,3,12.98,26.0,59.7,4,R32,0.6,17.55,17.43,False,18.61,False,8.0,0.075
282,4,14.31,20.0,57.6,2,R32,0.3,11.38,15.71,False,17.12,False,8.0,0.0375
282,5,15.53,20.0,42.8,3,R32,0.45,6.96,13.57,False,19.75,False,8.0,0.0562
283,22,18.47,22.4,54.2,1,R32,0.15,12.69,20.26,False,19.88,False,8.0,0.0187
283,23,16.89,24.6,46.1,2,R32,0.3,12.24,20.31,False,19.7,False,8.0,0.0375
283,0,14.65,23.4,57.6,4,R32,0.6,14.56,14.83,False,20.28,False,8.0,0.075
283,1,15.77,22.1,48.0,4,R32,0.6,10.57,13.53,False,21.4,False,8.0,0.075
283,2,14.81,24.0,42.6,2,R32,0.3,10.5,19.71,False,17.62,False,8.0,0.0375
283,3,13.81,21.3,55.0,2,R32,0.3,11.89,17.01,False,16.62,False,8.0,0.0375
283,4,14.02,23.9,53.7,1,R32,0.15,13.94,21.76,False,15.42,False,8.0,0.0187
283,5,13.84,23.3,47.2,4,R32,0.6,11.42,14.73,False,19.47,False,8.0,0.075
284,22,17.7,25.3,66.9,2,R32,0.3,18.71,21.01,False,20.51,False,8.0,0.0375
284,23,17.17,22.3,43.4,4,R32,0.6,9.25,13.73,False,22.79,False,8.0,0.075
284,0,15.25,22.2,52.6,2,R32,0.3,12.05,17.91,False,18.06,False,8.0,0.0375
284,1,15.79,22.6,69.2,4,R32,0.6,16.67,14.03,False,21.41,False,8.0,0.075
284,2,14.91,20.9,60.3,4,R32,0.6,12.92,12.33,False,20.54,False,8.0,0.075
284,3,14.63,21.1,70.8,2,R32,0.3,15.59,16.81,False,17.45,False,8.0,0.0375
284,4,14.18,23.8,54.8,4,R32,0.6,14.16,15.23,False,19.8,False,8.0,0.075
284,5,14.21,23.4,55.5,3,R32,0.45,13.98,16.97,False,18.43,False,8.0,0.0562
285,22,18.06,21.0,52.0,3,R32,0.45,10.76,14.57,False,22.27,False,8.0,0.0562
285,23,16.85,22.7,34.2,1,R32,0.15,6.11,20.56,False,18.26,False,8.0,0.0187
285,0,15.0,22.2,71.3,3,R32,0.45,16.76,15.77,False,19.22,False,8.0,0.0562
285,1,14.6,20.5,56.2,4,R32,0.6,11.47,11.93,False,20.23,False,8.0,0.075
285,2,15.3,20.9,39.6,2,R32,0.3,6.64,16.61,False,18.11,False,8.0,0.0375
285,3,13.18,22.1,53.9,2,R32,0.3,12.33,17.81,False,15.99,False,8.0,0.0375
285,4,14.18,23.2,55.1,1,R32,0.15,13.68,21.06,False,15.59,False,8.0,0.0187
285,5,13.93,23.1,53.3,4,R32,0.6,13.08,14.53,False,19.56,False,8.0,0.075
286,22,19.51,23.8,57.5,3,R32,0.45,14.9,17.37,False,23.73,False,8.0,0.0562
286,23,17.05,22.4,48.6,1,R32,0.15,11.03,20.26,False,18.45,False,8.0,0.0187
286,0,15.43,22.6,62.7,2,R32,0.3,15.12,18.31,False,18.25,False,8.0,0.0375
286,1,15.98,21.4,44.7,1,R32,0.15,8.87,19.26,False,17.38,False,8.0,0.0187
286,2,14.36,23.5,64.7,2,R32,0.3,16.47,19.21,False,17.17,False,8.0,0.0375
286,3,13.74,23.5,60.6,1,R32,0.15,15.44,21.36,False,15.15,False,8.0,0.0187
286,4,13.05,22.1,70.6,2,R32,0.3,16.5,17.81,False,15.87,False,8.0,0.0375
286,5,14.01,22.9,68.5,3,R32,0.45,16.79,16.47,False,18.22,False,8.0,0.0562
287,22,18.79,23.0,86.2,4,R32,0.6,20.57,14.43,False,24.42,False,8.0,0.075
287,23,15.67,24.3,43.5,1,R32,0.15,11.09,22.16,False,17.08,False,8.0,0.0187
287,0,16.16,21.6,59.1,2,R32,0.3,13.27,17.31,False,18.98,False,8.0,0.0375
287,1,15.06,24.8,50.9,3,R32,0.45,13.94,18.37,False,19.27,False,8.0,0.0562
287,2,14.24,21.6,50.4,3,R32,0.45,10.85,15.17,False,18.46,False,8.0,0.0562
287,3,14.82,23.1,66.0,4,R32,0.6,16.4,14.53,False,20.44,False,8.0,0.075
287,4,15.02,23.3,45.1,4,R32,0.6,10.73,14.73,False,20.65,False,8.0,0.075
287,5,14.86,21.6,49.7,1,R32,0.15,10.64,19.46,False,16.26,False,8.0,0.0187
288,22,17.99,24.8,38.9,1,R32,0.15,9.86,22.66,False,19.4,False,8.0,0.0187
288,23,16.55,24.5,45.8,2,R32,0.3,12.05,20.21,False,19.36,False,8.0,0.0375
288,0,14.67,23.2,60.4,1,R32,0.15,15.11,21.06,False,16.08,False,8.0,0.0187
288,1,14.12,20.0,53.5,3,R32,0.45,10.27,13.57,False,18.33,False,8.0,0.0562
288,2,14.67,25.6,74.7,3,R32,0.45,20.77,19.17,False,18.89,False,8.0,0.0562
288,3,13.09,21.7,72.1,3,R32,0.45,16.45,15.27,False,17.3,False,8.0,0.0562
288,4,14.1,23.8,67.6,2,R32,0.3,17.44,19.51,False,16.91,False,8.0,0.0375
288,5,14.32,24.2,62.9,1,R32,0.15,16.68,22.06,False,15.72,False,8.0,0.0187
289,22,18.56,24.7,54.3,3,R32,0.45,14.85,18.27,False,22.78,False,8.0,0.0562
289,23,16.64,24.1,53.3,4,R32,0.6,14.01,15.53,False,22.27,False,8.0,0.075
289,0,16.39,22.5,43.0,2,R32,0.3,9.29,18.21,False,19.2,False,8.0,0.0375
289,1,16.26,24.1,52.1,4,R32,0.6,13.66,15.53,False,21.89,False,8.0,0.075
289,2,14.84,22.4,74.1,2,R32,0.3,17.56,18.11,False,17.65,False,8.0,0.0375
289,3,15.15,23.7,37.3,2,R32,0.3,8.26,19.41,False,17.97,False,8.0,0.0375
289,4,14.31,22.5,54.2,1,R32,0.15,12.78,20.36,False,15.72,False,8.0,0.0187
289,5,14.35,21.5,62.3,4,R32,0.6,13.98,12.93,False,19.98,False,8.0,0.075
290,22,17.42,21.7,40.5,4,R32,0.6,7.69,13.13,False,23.04,False,8.0,0.075
290,23,16.28,26.0,42.0,2,R32,0.3,12.09,21.71,False,19.09,False,8.0,0.0375
290,0,15.16,25.4,46.8,4,R32,0.6,13.2,16.83,False,20.78,False,8.0,0.075
290,1,14.67,24.7,43.7,3,R32,0.45,11.52,18.27,False,18.89,False,8.0,0.0562
290,2,13.79,24.1,73.3,2,R32,0.3,19.02,19.81,False,16.6,False,8.0,0.0375
290,3,15.45,25.0,45.7,2,R32,0.3,12.47,20.71,False,18.26,False,8.0,0.0375
290,4,14.66,22.3,53.9,4,R32,0.6,12.51,13.73,False,20.28,False,8.0,0.075
290,5,14.57,20.0,47.4,2,R32,0.3,8.46,15.71,False,17.38,False,8.0,0.0375
291,22,18.14,23.7,69.0,4,R32,0.6,17.67,15.13,False,23.77,False,8.0,0.075
291,23,15.86,23.9,54.0,2,R32,0.3,14.02,19.61,False,18.67,False,8.0,0.0375
291,0,14.68,23.9,52.5,2,R32,0.3,13.59,19.61,False,17.49,False,8.0,0.0375
291,1,15.81,23.0,62.9,2,R32,0.3,15.55,18.71,False,18.63,False,8.0,0.0375
291,2,13.72,22.3,37.1,1,R32,0.15,6.94,20.16,False,15.12,False,8.0,0.0187
291,3,13.68,23.3,58.6,3,R32,0.45,14.73,16.87,False,17.89,False,8.0,0.0562
291,4,15.27,24.0,60.4,4,R32,0.6,15.86,15.43,False,20.9,False,8.0,0.075
291,5,15.2,22.6,85.4,2,R32,0.3,20.02,18.31,False,18.01,False,8.0,0.0375
292,22,17.89,23.0,51.7,2,R32,0.3,12.52,18.71,False,20.71,False,8.0,0.0375
292,23,16.62,22.8,55.4,3,R32,0.45,13.4,16.37,False,20.84,False,8.0,0.0562
292,0,16.04,24.2,58.6,4,R32,0.6,15.57,15.63,False,21.66,False,8.0,0.075
292,1,15.51,22.0,42.9,4,R32,0.6,8.8,13.43,False,21.13,False,8.0,0.075
292,2,14.02,23.2,58.8,4,R32,0.6,14.69,14.63,False,19.64,False,8.0,0.075
292,3,13.5,21.5,54.0,1,R32,0.15,11.8,19.36,False,14.91,False,8.0,0.0187
292,4,15.11,22.9,63.3,2,R32,0.3,15.55,18.61,False,17.92,False,8.0,0.0375
292,5,13.56,21.4,48.5,2,R32,0.3,10.09,17.11,False,16.38,False,8.0,0.0375
293,22,16.96,23.4,37.7,3,R32,0.45,8.15,16.97,False,21.18,False,8.0,0.0562
293,23,17.2,20.6,51.5,4,R32,0.6,10.25,12.03,False,22.83,False,8.0,0.075
293,0,15.91,25.5,61.1,2,R32,0.3,17.45,21.21,False,18.73,False,8.0,0.0375
293,1,15.8,21.7,50.6,3,R32,0.45,11.0,15.27,False,20.02,False,8.0,0.0562
293,2,14.44,20.9,71.2,3,R32,0.45,15.49,14.47,False,18.66,False,8.0,0.0562
293,3,15.69,24.4,64.3,2,R32,0.3,17.22,20.11,False,18.51,False,8.0,0.0375
293,4,15.51,24.2,72.9,1,R32,0.15,19.03,22.06,False,16.91,False,8.0,0.0187
293,5,14.82,21.0,67.8,4,R32,0.6,14.82,12.43,False,20.44,False,8.0,0.075
294,22,18.81,22.4,50.1,2,R32,0.3,11.49,18.11,False,21.62,False,8.0,0.0375
294,23,17.66,21.6,42.2,4,R32,0.6,8.2,13.03,False,23.29,False,8.0,0.075
294,0,16.06,23.1,70.2,2,R32,0.3,17.37,18.81,False,18.87,False,8.0,0.0375
294,1,14.55,23.8,30.5,3,R32,0.45,5.41,17.37,False,18.76,False,8.0,0.0562
294,2,14.09,22.2,54.1,2,R32,0.3,12.47,17.91,False,16.91,False,8.0,0.0375
294,3,15.61,24.2,40.8,4,R32,0.6,10.04,15.63,False,21.24,False,8.0,0.075
294,4,14.17,23.3,60.5,4,R32,0.6,15.23,14.73,False,19.8,False,8.0,0.075
294,5,14.97,23.3,52.4,4,R32,0.6,13.01,14.73,False,20.6,False,8.0,0.075
295,22,19.22,24.4,46.5,4,R32,0.6,12.19,15.83,False,24.84,False,8.0,0.075
295,23,18.36,26.0,52.0,4,R32,0.6,15.38,17.43,False,23.98,False,8.0,0.075
295,0,16.51,25.9,49.2,2,R32,0.3,14.43,21.61,False,19.33,False,8.0,0.0375
295,1,15.23,22.0,52.7,4,R32,0.6,11.89,13.43,False,20.86,False,8.0,0.075
295,2,14.76,25.2,51.2,2,R32,0.3,14.4,20.91,False,17.57,False,8.0,0.0375
295,3,15.15,22.9,39.2,4,R32,0.6,8.28,14.33,False,20.77,False,8.0,0.075
295,4,13.83,22.3,58.7,1,R32,0.15,13.82,20.16,False,15.24,False,8.0,0.0187
295,5,15.07,25.0,52.7,2,R32,0.3,14.66,20.71,False,17.89,False,8.0,0.0375
296,22,16.85,22.2,33.3,4,R32,0.6,5.28,13.63,False,22.48,False,8.0,0.075
296,23,16.51,22.8,67.8,4,R32,0.6,16.54,14.23,False,22.13,False,8.0,0.075
296,0,16.07,21.3,46.6,1,R32,0.15,9.4,19.16,False,17.48,False,8.0,0.0187
296,1,14.91,25.8,60.1,3,R32,0.45,17.47,19.37,False,19.12,False,8.0,0.0562
296,2,15.6,24.2,51.1,4,R32,0.6,13.45,15.63,False,21.22,False,8.0,0.075
296,3,15.77,23.7,51.5,3,R32,0.45,13.11,17.27,False,19.99,False,8.0,0.0562
296,4,15.47,23.0,54.3,1,R32,0.15,13.27,20.86,False,16.88,False,8.0,0.0187
296,5,15.29,26.0,57.7,4,R32,0.6,17.01,17.43,False,20.92,False,8.0,0.075
297,22,18.91,24.2,47.4,3,R32,0.45,12.3,17.77,False,23.13,False,8.0,0.0562
297,23,16.71,21.0,60.4,3,R32,0.45,13.04,14.57,False,20.93,False,8.0,0.0562
297,0,15.55,22.3,62.4,3,R32,0.45,14.76,15.87,False,19.77,False,8.0,0.0562
297,1,14.93,22.7,76.1,4,R32,0.6,18.27,14.13,False,20.55,False,8.0,0.075
297,2,14.91,21.5,56.3,2,R32,0.3,12.43,17.21,False,17.72,False,8.0,0.0375
297,3,14.72,21.1,55.1,1,R32,0.15,11.73,18.96,False,16.13,False,8.0,0.0187
297,4,14.96,22.1,76.7,3,R32,0.45,17.81,15.67,False,19.18,False,8.0,0.0562
297,5,15.54,20.9,76.5,4,R32,0.6,16.61,12.33,False,21.17,False,8.0,0.075
298,22,17.15,23.2,54.0,2,R32,0.3,13.37,18.91,False,19.96,False,8.0,0.0375
298,23,17.87,21.6,33.1,1,R32,0.15,4.67,19.46,False,19.27,False,8.0,0.0187
298,0,16.36,20.4,53.5,4,R32,0.6,10.64,11.83,False,21.99,False,8.0,0.075
298,1,14.47,23.1,76.3,1,R32,0.15,18.7,20.96,False,15.87,False,8.0,0.0187
298,2,15.12,22.2,42.4,1,R32,0.15,8.81,20.06,False,16.53,False,8.0,0.0187
298,3,15.19,21.3,63.8,2,R32,0.3,14.16,17.01,False,18.01,False,8.0,0.0375
298,4,15.51,23.0,58.0,3,R32,0.45,14.29,16.57,False,19.72,False,8.0,0.0562
298,5,15.01,25.8,56.5,3,R32,0.45,16.5,19.37,False,19.23,False,8.0,0.0562
299,22,17.01,22.0,49.2,4,R32,0.6,10.85,13.43,False,22.64,False,8.0,0.075
299,23,16.12,25.0,61.4,2,R32,0.3,17.06,20.71,False,18.93,False,8.0,0.0375
299,0,17.6,22.4,49.6,4,R32,0.6,11.34,13.83,False,23.23,False,8.0,0.075
299,1,16.05,25.4,51.5,1,R32,0.15,14.68,23.26,False,17.46,False,8.0,0.0187
299,2,14.38,22.8,42.8,3,R32,0.45,9.49,16.37,False,18.6,False,8.0,0.0562
299,3,14.95,24.2,59.0,3,R32,0.45,15.68,17.77,False,19.17,False,8.0,0.0562
299,4,14.8,26.0,49.9,3,R32,0.45,14.74,19.57,False,19.02,False,8.0,0.0562
299,5,15.33,24.2,62.4,3,R32,0.45,16.56,17.77,False,19.55,False,8.0,0.0562
300,22,19.04,21.6,52.8,3,R32,0.45,11.55,15.17,False,23.26,False,8.0,0.0562
300,23,17.47,21.4,76.8,2,R32,0.3,17.16,17.11,False,20.28,False,8.0,0.0375
300,0,16.33,22.7,33.3,4,R32,0.6,5.72,14.13,False,21.95,False,8.0,0.075
300,1,17.05,25.0,50.9,2,R32,0.3,14.13,20.71,False,19.86,False,8.0,0.0375
300,2,14.6,21.9,37.6,3,R32,0.45,6.78,15.47,False,18.81,False,8.0,0.0562
300,3,14.52,20.3,60.2,4,R32,0.6,12.33,11.73,False,20.15,False,8.0,0.075
300,4,14.48,23.2,44.4,3,R32,0.45,10.4,16.77,False,18.7,False,8.0,0.0562
300,5,15.78,21.9,66.3,2,R32,0.3,15.33,17.61,False,18.59,False,8.0,0.0375
301,22,18.68,21.4,60.2,4,R32,0.6,13.36,12.83,False,24.3,False,8.0,0.075
301,23,16.91,26.0,45.3,1,R32,0.15,13.25,23.86,False,18.31,False,8.0,0.0187
301,0,15.93,23.5,51.9,3,R32,0.45,13.04,17.07,False,20.15,False,8.0,0.0562
301,1,16.3,25.3,69.5,4,R32,0.6,19.32,16.73,False,21.92,False,8.0,0.075
301,2,15.19,21.8,49.4,2,R32,0.3,10.73,17.51,False,18.0,False,8.0,0.0375
301,3,15.54,22.6,57.6,3,R32,0.45,13.81,16.17,False,19.76,False,8.0,0.0562
301,4,15.04,24.4,56.2,3,R32,0.45,15.11,17.97,False,19.26,False,8.0,0.0562
301,5,15.53,22.2,56.8,4,R32,0.6,13.22,13.63,False,21.15,False,8.0,0.075
302,22,18.97,23.9,63.2,4,R32,0.6,16.47,15.33,False,24.59,False,8.0,0.075
302,23,18.0,20.1,45.1,3,R32,0.45,7.82,13.67,False,22.21,False,8.0,0.0562
302,0,16.2,22.6,80.2,4,R32,0.6,19.01,14.03,False,21.83,False,8.0,0.075
302,1,15.96,21.5,35.0,4,R32,0.6,5.38,12.93,False,21.58,False,8.0,0.075
302,2,12.8,24.9,48.5,4,R32,0.6,13.29,16.33,False,18.42,False,8.0,0.075
302,3,14.45,25.5,41.0,3,R32,0.45,11.28,19.07,False,18.67,False,8.0,0.0562
302,4,14.81,21.9,75.8,3,R32,0.45,17.43,15.47,False,19.03,False,8.0,0.0562
302,5,16.45,23.3,68.0,1,R32,0.15,17.06,21.16,False,17.86,False,8.0,0.0187
303,22,18.23,21.5,48.9,3,R32,0.45,10.3,15.07,False,22.45,False,8.0,0.0562
303,23,17.64,23.8,80.7,3,R32,0.45,20.28,17.37,False,21.86,False,8.0,0.0562
303,0,17.76,21.3,68.2,2,R32,0.3,15.2,17.01,False,20.57,False,8.0,0.0375
303,1,15.26,24.9,45.6,3,R32,0.45,12.35,18.47,False,19.48,False,8.0,0.0562
303,2,14.9,26.0,52.0,4,R32,0.6,15.38,17.43,False,20.53,False,8.0,0.075
303,3,15.43,21.2,31.1,4,R32,0.6,3.43,12.63,False,21.06,False,8.0,0.075
303,4,15.95,21.4,62.0,2,R32,0.3,13.82,17.11,False,18.76,False,8.0,0.0375
303,5,15.92,22.3,46.6,3,R32,0.45,10.31,15.87,False,20.14,False,8.0,0.0562
304,22,19.74,21.6,57.6,2,R32,0.3,12.87,17.31,False,22.55,False,8.0,0.0375
304,23,17.55,20.7,63.7,3,R32,0.45,13.57,14.27,False,21.77,False,8.0,0.0562
304,0,15.54,22.6,53.2,1,R32,0.15,12.59,20.46,False,16.95,False,8.0,0.0187
304,1,15.71,21.2,26.6,1,R32,0.15,1.23,19.06,False,17.11,False,8.0,0.0187
304,2,14.99,21.4,32.4,3,R32,0.45,4.19,14.97,False,19.2,False,8.0,0.0562
304,3,14.45,22.9,47.5,2,R32,0.3,11.15,18.61,False,17.26,False,8.0,0.0375
304,4,15.44,23.6,59.8,3,R32,0.45,15.33,17.17,False,19.65,False,8.0,0.0562
304,5,15.31,22.6,62.5,3,R32,0.45,15.07,16.17,False,19.53,False,8.0,0.0562
305,22,17.51,22.7,65.0,1,R32,0.15,15.78,20.56,False,18.91,False,8.0,0.0187
305,23,16.99,21.8,53.1,1,R32,0.15,11.82,19.66,False,18.4,False,8.0,0.0187
305,0,16.7,23.9,41.4,4,R32,0.6,9.99,15.33,False,22.32,False,8.0,0.075
305,1,15.32,23.7,70.6,3,R32,0.45,18.04,17.27,False,19.54,False,8.0,0.0562
305,2,14.63,23.6,84.5,4,R32,0.6,20.83,15.03,False,20.25,False,8.0,0.075
305,3,15.6,25.0,60.5,4,R32,0.6,16.82,16.43,False,21.22,False,8.0,0.075
305,4,15.92,22.1,36.8,3,R32,0.45,6.64,15.67,False,20.14,False,8.0,0.0562
305,5,14.47,22.1,57.3,3,R32,0.45,13.26,15.67,False,18.69,False,8.0,0.0562
306,22,19.0,21.5,47.4,3,R32,0.45,9.83,15.07,False,23.22,False,8.0,0.0562
306,23,16.56,21.2,41.0,1,R32,0.15,7.42,19.06,False,17.96,False,8.0,0.0187
306,0,17.67,23.5,58.7,2,R32,0.3,14.94,19.21,False,20.48,False,8.0,0.0375
306,1,16.98,23.2,53.4,3,R32,0.45,13.2,16.77,False,21.2,False,8.0,0.0562
306,2,14.94,23.2,65.0,3,R32,0.45,16.25,16.77,False,19.16,False,8.0,0.0562
306,3,15.68,20.6,45.1,2,R32,0.3,8.28,16.31,False,18.49,False,8.0,0.0375
306,4,14.27,21.8,56.6,1,R32,0.15,12.79,19.66,False,15.67,False,8.0,0.0187
306,5,15.36,23.6,60.1,4,R32,0.6,15.4,15.03,False,20.98,False,8.0,0.075
307,22,19.5,24.2,52.7,3,R32,0.45,13.93,17.77,False,23.72,False,8.0,0.0562
307,23,18.28,22.8,83.4,3,R32,0.45,19.84,16.37,False,22.5,False,8.0,0.0562
307,0,16.6,21.2,72.3,3,R32,0.45,16.01,14.77,False,20.82,False,8.0,0.0562
307,1,14.82,22.1,57.5,3,R32,0.45,13.31,15.67,False,19.04,False,8.0,0.0562
307,2,15.35,22.6,55.7,1,R32,0.15,13.29,20.46,False,16.76,False,8.0,0.0187
307,3,15.2,20.0,65.9,2,R32,0.3,13.43,15.71,False,18.01,False,8.0,0.0375
307,4,16.5,24.8,49.3,4,R32,0.6,13.45,16.23,False,22.13,False,8.0,0.075
307,5,16.43,21.9,44.3,3,R32,0.45,9.19,15.47,False,20.65,False,8.0,0.0562
308,22,19.15,22.7,56.0,1,R32,0.15,13.47,20.56,False,20.55,False,8.0,0.0187
308,23,17.84,21.1,54.0,1,R32,0.15,11.43,18.96,False,19.25,False,8.0,0.0187
308,0,16.86,23.1,59.5,3,R32,0.45,14.78,16.67,False,21.08,False,8.0,0.0562
308,1,15.73,25.6,69.0,1,R32,0.15,19.49,23.46,False,17.13,False,8.0,0.0187
308,2,15.78,24.2,81.3,2,R32,0.3,20.79,19.91,False,18.59,False,8.0,0.0375
308,3,15.92,23.1,47.1,2,R32,0.3,11.2,18.81,False,18.74,False,8.0,0.0375
308,4,15.89,21.3,52.8,2,R32,0.3,11.27,17.01,False,18.7,False,8.0,0.0375
308,5,16.5,23.7,54.0,2,R32,0.3,13.84,19.41,False,19.31,False,8.0,0.0375
309,22,19.48,23.6,74.5,3,R32,0.45,18.8,17.17,False,23.69,False,8.0,0.0562
309,23,18.07,23.2,63.3,4,R32,0.6,15.84,14.63,False,23.69,False,8.0,0.075
309,0,17.36,23.0,49.4,3,R32,0.45,11.83,16.57,False,21.58,False,8.0,0.0562
309,1,15.46,23.3,43.7,4,R32,0.6,10.26,14.73,False,21.08,False,8.0,0.075
309,2,15.66,23.5,56.1,4,R32,0.6,14.24,14.93,False,21.28,False,8.0,0.075
309,3,16.17,26.0,50.4,3,R32,0.45,14.89,19.57,False,20.39,False,8.0,0.0562
309,4,15.1,24.1,38.0,4,R32,0.6,8.89,15.53,False,20.73,False,8.0,0.075
309,5,15.28,23.6,57.3,3,R32,0.45,14.66,17.17,False,19.49,False,8.0,0.0562
310,22,18.71,24.3,66.1,4,R32,0.6,17.56,15.73,False,24.34,False,8.0,0.075
310,23,18.11,23.3,34.9,2,R32,0.3,6.93,19.01,False,20.92,False,8.0,0.0375
310,0,17.24,23.3,59.0,3,R32,0.45,14.84,16.87,False,21.46,False,8.0,0.0562
310,1,16.37,26.0,54.0,4,R32,0.6,15.97,17.43,False,21.99,False,8.0,0.075
310,2,16.49,20.0,79.6,2,R32,0.3,16.36,15.71,False,19.3,False,8.0,0.0375
310,3,14.48,24.5,66.1,2,R32,0.3,17.75,20.21,False,17.3,False,8.0,0.0375
310,4,16.95,21.0,64.8,3,R32,0.45,14.12,14.57,False,21.17,False,8.0,0.0562
310,5,15.57,20.5,51.9,4,R32,0.6,10.27,11.93,False,21.19,False,8.0,0.075
311,22,18.97,22.2,58.4,3,R32,0.45,13.65,15.77,False,23.18,False,8.0,0.0562
311,23,18.66,23.2,61.7,1,R32,0.15,15.44,21.06,False,20.06,False,8.0,0.0187
311,0,16.79,25.5,50.2,1,R32,0.15,14.37,23.36,False,18.2,False,8.0,0.0187
311,1,15.16,22.3,65.1,4,R32,0.6,15.42,13.73,False,20.78,False,8.0,0.075
311,2,15.59,23.2,56.9,4,R32,0.6,14.18,14.63,False,21.21,False,8.0,0.075
311,3,15.71,22.7,53.9,2,R32,0.3,12.88,18.41,False,18.52,False,8.0,0.0375
311,4,16.82,24.9,79.5,4,R32,0.6,21.11,16.33,False,22.45,False,8.0,0.075
311,5,16.55,21.1,68.4,1,R32,0.15,15.05,18.96,False,17.95,False,8.0,0.0187
312,22,18.85,22.1,41.8,1,R32,0.15,8.51,19.96,False,20.25,False,8.0,0.0187
312,23,18.61,22.6,58.0,3,R32,0.45,13.92,16.17,False,22.83,False,8.0,0.0562
312,0,16.36,22.7,38.2,1,R32,0.15,7.72,20.56,False,17.77,False,8.0,0.0187
312,1,17.17,21.4,58.7,2,R32,0.3,12.98,17.11,False,19.98,False,8.0,0.0375
312,2,15.12,22.2,54.1,3,R32,0.45,12.47,15.77,False,19.34,False,8.0,0.0562
312,3,16.59,20.0,52.8,3,R32,0.45,10.07,13.57,False,20.81,False,8.0,0.0562
312,4,15.42,24.1,23.8,3,R32,0.45,2.14,17.67,False,19.64,False,8.0,0.0562
312,5,17.2,23.1,39.3,4,R32,0.6,8.5,14.53,False,22.83,False,8.0,0.075
313,22,20.61,21.0,78.8,1,R32,0.15,17.18,18.86,False,22.02,False,8.0,0.0187
313,23,18.71,23.0,33.1,1,R32,0.15,5.9,20.86,False,20.12,False,8.0,0.0187
313,0,17.16,23.1,74.6,1,R32,0.15,18.34,20.96,False,18.57,False,8.0,0.0187
313,1,15.99,21.7,44.5,1,R32,0.15,9.08,19.56,False,17.39,False,8.0,0.0187
313,2,14.86,24.6,85.1,1,R32,0.15,21.93,22.46,False,16.27,False,8.0,0.0187
313,3,15.49,25.3,54.7,3,R32,0.45,15.52,18.87,False,19.71,False,8.0,0.0562
313,4,15.56,22.1,64.4,2,R32,0.3,15.07,17.81,False,18.38,False,8.0,0.0375
313,5,16.82,20.0,54.2,1,R32,0.15,10.46,17.86,False,18.23,False,8.0,0.0187
314,22,19.69,23.7,49.8,2,R32,0.3,12.6,19.41,False,22.51,False,8.0,0.0375
314,23,18.48,23.5,52.2,2,R32,0.3,13.13,19.21,False,21.3,False,8.0,0.0375
314,0,18.0,22.1,67.4,3,R32,0.45,15.78,15.67,False,22.22,False,8.0,0.0562
314,1,16.2,21.4,62.1,2,R32,0.3,13.84,17.11,False,19.01,False,8.0,0.0375
314,2,14.97,21.4,51.1,2,R32,0.3,10.87,17.11,False,17.78,False,8.0,0.0375
314,3,15.97,24.1,25.1,3,R32,0.45,2.89,17.67,False,20.19,False,8.0,0.0562
314,4,15.86,22.2,70.3,2,R32,0.3,16.53,17.91,False,18.67,False,8.0,0.0375
314,5,16.16,21.9,68.0,1,R32,0.15,15.72,19.76,False,17.57,False,8.0,0.0187
315,22,20.02,25.5,59.0,4,R32,0.6,16.9,16.93,False,25.65,False,8.0,0.075
315,23,18.82,24.4,69.7,4,R32,0.6,18.5,15.83,False,24.45,False,8.0,0.075
315,0,17.63,21.9,49.5,3,R32,0.45,10.85,15.47,False,21.85,False,8.0,0.0562
315,1,16.61,25.1,57.8,1,R32,0.15,16.2,22.96,False,18.01,False,8.0,0.0187
315,2,16.67,23.3,50.8,2,R32,0.3,12.53,19.01,False,19.48,False,8.0,0.0375
315,3,17.22,24.9,49.9,1,R32,0.15,13.73,22.76,False,18.63,False,8.0,0.0187
315,4,15.68,22.4,58.2,2,R32,0.3,13.78,18.11,False,18.5,False,8.0,0.0375
315,5,17.25,22.9,77.2,2,R32,0.3,18.69,18.61,False,20.07,False,8.0,0.0375
316,22,20.47,23.8,60.4,1,R32,0.15,15.67,21.66,False,21.87,False,8.0,0.0187
316,23,17.49,23.1,74.2,3,R32,0.45,18.25,16.67,False,21.71,False,8.0,0.0562
316,0,17.82,23.2,45.9,1,R32,0.15,10.9,21.06,False,19.22,False,8.0,0.0187
316,1,16.51,24.9,51.7,2,R32,0.3,14.28,20.61,False,19.32,False,8.0,0.0375
316,2,14.84,23.6,57.1,1,R32,0.15,14.61,21.46,False,16.25,False,8.0,0.0187
316,3,15.65,21.7,64.9,1,R32,0.15,14.81,19.56,False,17.06,False,8.0,0.0187
316,4,15.64,23.2,52.8,1,R32,0.15,13.03,21.06,False,17.04,False,8.0,0.0187
316,5,17.07,20.0,70.0,4,R32,0.6,14.36,11.43,False,22.69,False,8.0,0.075
317,22,20.98,23.2,53.8,2,R32,0.3,13.32,18.91,False,23.8,False,8.0,0.0375
317,23,18.5,21.6,65.4,1,R32,0.15,14.83,19.46,False,19.9,False,8.0,0.0187
317,0,18.34,20.6,50.1,1,R32,0.15,9.84,18.46,False,19.75,False,8.0,0.0187
317,1,16.6,23.9,67.8,2,R32,0.3,17.58,19.61,False,19.41,False,8.0,0.0375
317,2,16.65,24.7,37.9,4,R32,0.6,9.38,16.13,False,22.28,False,8.0,0.075
317,3,17.17,23.9,57.4,1,R32,0.15,14.97,21.76,False,18.57,False,8.0,0.0187
317,4,15.61,23.9,84.6,2,R32,0.3,21.15,19.61,False,18.42,False,8.0,0.0375
317,5,16.72,23.7,54.6,2,R32,0.3,14.01,19.41,False,19.53,False,8.0,0.0375
318,22,19.44,24.0,51.6,2,R32,0.3,13.42,19.71,False,22.26,False,8.0,0.0375
318,23,19.43,21.9,45.0,4,R32,0.6,9.42,13.33,False,25.05,False,8.0,0.075
318,0,16.94,22.2,50.7,3,R32,0.45,11.49,15.77,False,21.16,False,8.0,0.0562
318,1,17.76,23.2,47.6,4,R32,0.6,11.45,14.63,False,23.38,False,8.0,0.075
318,2,17.29,24.7,41.7,1,R32,0.15,10.81,22.56,False,18.7,False,8.0,0.0187
318,3,15.51,24.1,51.9,3,R32,0.45,13.6,17.67,False,19.73,False,8.0,0.0562
318,4,15.95,24.1,51.6,2,R32,0.3,13.51,19.81,False,18.76,False,8.0,0.0375
318,5,17.51,24.8,51.1,2,R32,0.3,14.0,20.51,False,20.32,False,8.0,0.0375
319,22,20.16,20.0,28.6,2,R32,0.3443,1.21,15.08,False,23.39,False,8.0,0.043
319,23,18.67,21.3,50.0,2,R32,0.3,10.45,17.01,False,21.49,False,8.0,0.0375
319,0,18.88,24.3,49.7,2,R32,0.3,13.12,20.01,False,21.69,False,8.0,0.0375
319,1,16.23,21.3,51.4,4,R32,0.6,10.87,12.73,False,21.86,False,8.0,0.075
319,2,16.26,25.5,55.8,4,R32,0.6,16.02,16.93,False,21.89,False,8.0,0.075
319,3,16.38,21.5,65.2,2,R32,0.3,14.69,17.21,False,19.2,False,8.0,0.0375
319,4,17.06,23.4,38.6,4,R32,0.6,8.5,14.83,False,22.68,False,8.0,0.075
319,5,16.39,20.6,60.5,2,R32,0.3,12.69,16.31,False,19.2,False,8.0,0.0375
320,22,20.78,25.4,54.2,1,R32,0.15,15.47,23.26,False,22.19,False,8.0,0.0187
320,23,19.62,23.7,62.9,3,R32,0.45,16.21,17.27,False,23.84,False,8.0,0.0562
320,0,17.23,24.3,70.3,4,R32,0.6,18.54,15.73,False,22.86,False,8.0,0.075
320,1,18.56,23.6,91.6,3,R32,0.45,22.15,17.17,False,22.78,False,8.0,0.0562
320,2,17.1,23.5,41.5,4,R32,0.6,9.66,14.93,False,22.72,False,8.0,0.075
320,3,17.23,23.7,51.0,1,R32,0.15,12.96,21.56,False,18.64,False,8.0,0.0187
320,4,16.9,22.5,57.7,4,R32,0.6,13.74,13.93,False,22.53,False,8.0,0.075
320,5,17.41,22.2,57.5,3,R32,0.45,13.41,15.77,False,21.63,False,8.0,0.0562
321,22,21.62,20.9,53.8,2,R32,0.4936,11.18,13.85,False,26.24,False,8.0,0.0617
321,23,18.3,22.9,77.5,1,R32,0.15,18.75,20.76,False,19.7,False,8.0,0.0187
321,0,18.48,24.0,56.7,4,R32,0.6,14.87,15.43,False,24.1,False,8.0,0.075
321,1,17.52,21.9,55.6,2,R32,0.3,12.61,17.61,False,20.33,False,8.0,0.0375
321,2,17.72,24.0,57.5,2,R32,0.3,15.09,19.71,False,20.53,False,8.0,0.0375
321,3,16.75,20.1,50.3,1,R32,0.15,9.44,17.96,False,18.16,False,8.0,0.0187
321,4,15.83,20.4,59.5,2,R32,0.3,12.24,16.11,False,18.64,False,8.0,0.0375
321,5,16.64,23.4,42.8,2,R32,0.3,10.03,19.11,False,19.46,False,8.0,0.0375
322,22,20.7,23.2,61.3,3,R32,0.45,15.34,16.77,False,24.92,False,8.0,0.0562
322,23,18.62,21.7,43.9,1,R32,0.15,8.88,19.56,False,20.03,False,8.0,0.0187
322,0,18.14,20.0,34.3,4,R32,0.6,3.77,11.43,False,23.76,False,8.0,0.075
322,1,17.42,25.1,51.8,2,R32,0.3,14.49,20.81,False,20.23,False,8.0,0.0375
322,2,15.83,22.0,57.5,4,R32,0.6,13.22,13.43,False,21.46,False,8.0,0.075
322,3,16.46,22.7,40.8,4,R32,0.6,8.69,14.13,False,22.09,False,8.0,0.075
322,4,17.66,24.2,64.7,2,R32,0.3,17.13,19.91,False,20.47,False,8.0,0.0375
322,5,17.14,23.4,50.8,1,R32,0.15,12.62,21.26,False,18.55,False,8.0,0.0187
323,22,20.35,22.6,31.5,4,R32,0.6,4.83,14.03,False,25.98,False,8.0,0.075
323,23,19.02,22.8,55.3,3,R32,0.45,13.37,16.37,False,23.24,False,8.0,0.0562
323,0,18.37,23.7,71.2,3,R32,0.45,18.17,17.27,False,22.59,False,8.0,0.0562
323,1,16.9,25.6,40.8,4,R32,0.6,11.29,17.03,False,22.53,False,8.0,0.075
323,2,17.46,21.1,40.7,4,R32,0.6,7.22,12.53,False,23.09,False,8.0,0.075
323,3,17.05,22.9,61.9,4,R32,0.6,15.21,14.33,False,22.68,False,8.0,0.075
323,4,17.85,23.3,74.2,3,R32,0.45,18.45,16.87,False,22.07,False,8.0,0.0562
323,5,17.14,25.2,39.5,3,R32,0.45,10.45,18.77,False,21.36,False,8.0,0.0562
324,22,20.31,24.7,68.9,2,R32,0.3,18.6,20.41,False,23.12,False,8.0,0.0375
324,23,19.21,23.6,62.2,2,R32,0.3,15.94,19.31,False,22.02,False,8.0,0.0375
324,0,18.67,25.8,49.1,3,R32,0.45,14.31,19.37,False,22.89,False,8.0,0.0562
324,1,16.95,21.2,72.1,3,R32,0.45,15.97,14.77,False,21.17,False,8.0,0.0562
324,2,17.39,21.9,29.6,2,R32,0.3,3.34,17.61,False,20.2,False,8.0,0.0375
324,3,16.56,23.9,61.7,4,R32,0.6,16.1,15.33,False,22.18,False,8.0,0.075
324,4,16.03,25.0,69.3,3,R32,0.45,18.98,18.57,False,20.24,False,8.0,0.0562
324,5,17.3,23.8,46.7,2,R32,0.3,11.71,19.51,False,20.11,False,8.0,0.0375
325,22,21.38,24.8,45.2,4,R32,0.6,12.12,16.23,False,27.0,False,8.0,0.075
325,23,18.72,23.0,51.3,2,R32,0.3,12.4,18.71,False,21.54,False,8.0,0.0375
325,0,17.95,23.1,54.1,4,R32,0.6,13.31,14.53,False,23.58,False,8.0,0.075
325,1,16.71,25.7,40.1,3,R32,0.45,11.12,19.27,False,20.93,False,8.0,0.0562
325,2,17.17,23.5,56.0,3,R32,0.45,14.21,17.07,False,21.39,False,8.0,0.0562
325,3,17.33,21.5,43.7,1,R32,0.15,8.63,19.36,False,18.73,False,8.0,0.0187
325,4,18.15,24.3,40.3,1,R32,0.15,9.94,22.16,False,19.55,False,8.0,0.0187
325,5,18.16,24.1,61.1,3,R32,0.45,16.13,17.67,False,22.37,False,8.0,0.0562
326,22,21.04,21.1,50.4,4,R32,0.6,10.39,12.53,False,26.66,False,8.0,0.075
326,23,19.16,24.3,63.4,4,R32,0.6,16.9,15.73,False,24.78,False,8.0,0.075
326,0,19.39,20.7,59.5,3,R32,0.45,12.53,14.27,False,23.61,False,8.0,0.0562
326,1,17.84,20.6,50.1,1,R32,0.15,9.84,18.46,False,19.24,False,8.0,0.0187
326,2,17.15,22.6,60.2,2,R32,0.3,14.49,18.31,False,19.96,False,8.0,0.0375
326,3,16.58,24.2,48.8,1,R32,0.15,12.74,22.06,False,17.98,False,8.0,0.0187
326,4,16.94,20.7,45.7,3,R32,0.45,8.56,14.27,False,21.16,False,8.0,0.0562
326,5,18.81,22.1,34.8,2,R32,0.3,5.83,17.81,False,21.62,False,8.0,0.0375
327,22,20.96,23.2,35.8,1,R32,0.15,7.21,21.06,False,22.37,False,8.0,0.0187
327,23,18.54,21.1,74.5,3,R32,0.45,16.39,14.67,False,22.76,False,8.0,0.0562
327,0,18.07,23.4,41.1,3,R32,0.45,9.43,16.97,False,22.28,False,8.0,0.0562
327,1,18.09,20.0,29.2,2,R32,0.3,1.5,15.71,False,20.9,False,8.0,0.0375
327,2,16.24,22.5,60.6,4,R32,0.6,14.5,13.93,False,21.87,False,8.0,0.075
327,3,16.93,24.9,40.6,1,R32,0.15,10.59,22.76,False,18.34,False,8.0,0.0187
327,4,17.22,25.3,39.5,2,R32,0.3,10.54,21.01,False,20.03,False,8.0,0.0375
327,5,16.97,23.6,56.0,1,R32,0.15,14.31,21.46,False,18.38,False,8.0,0.0187
328,22,21.15,22.8,54.2,1,R32,0.15,13.06,20.66,False,22.56,False,8.0,0.0187
328,23,19.58,22.4,53.9,4,R32,0.6,12.6,13.83,False,25.21,False,8.0,0.075
328,0,19.23,20.7,75.1,3,R32,0.45,16.13,14.27,False,23.45,False,8.0,0.0562
328,1,17.64,22.0,42.3,1,R32,0.15,8.6,19.86,False,19.04,False,8.0,0.0187
328,2,17.34,23.3,43.3,3,R32,0.45,10.12,16.87,False,21.56,False,8.0,0.0562
328,3,17.34,22.7,67.8,3,R32,0.45,16.44,16.27,False,21.56,False,8.0,0.0562
328,4,18.14,23.6,45.5,3,R32,0.45,11.13,17.17,False,22.36,False,8.0,0.0562
328,5,18.44,24.0,58.9,1,R32,0.15,15.46,21.86,False,19.84,False,8.0,0.0187
329,22,20.93,23.4,53.2,3,R32,0.45,13.33,16.97,False,25.14,False,8.0,0.0562
329,23,20.11,21.0,61.6,1,R32,0.15,13.34,18.86,False,21.52,False,8.0,0.0187
329,0,19.15,20.2,54.7,1,R32,0.15,10.78,18.06,False,20.56,False,8.0,0.0187
329,1,17.86,21.8,34.8,2,R32,0.3,5.57,17.51,False,20.67,False,8.0,0.0375
329,2,16.71,22.5,42.9,4,R32,0.6,9.26,13.93,False,22.34,False,8.0,0.075
329,3,17.43,21.5,42.4,1,R32,0.15,8.18,19.36,False,18.84,False,8.0,0.0187
329,4,17.79,21.9,20.0,2,R32,0.3,-2.1,17.61,False,20.6,False,8.0,0.0375
329,5,18.5,23.3,52.8,3,R32,0.45,13.12,16.87,False,22.72,False,8.0,0.0562
330,22,20.58,26.0,60.7,2,R32,0.3,17.82,21.71,False,23.39,False,8.0,0.0375
330,23,19.87,24.4,71.8,3,R32,0.45,18.98,17.97,False,24.09,False,8.0,0.0562
330,0,18.48,23.8,33.2,3,R32,0.45,6.64,17.37,False,22.7,False,8.0,0.0562
330,1,18.52,25.3,61.8,4,R32,0.6,17.44,16.73,False,24.14,False,8.0,0.075
330,2,16.94,22.5,66.4,4,R32,0.6,15.92,13.93,False,22.56,False,8.0,0.075
330,3,17.29,21.5,54.8,4,R32,0.6,12.02,12.93,False,22.91,False,8.0,0.075
330,4,17.47,22.5,51.4,1,R32,0.15,11.97,20.36,False,18.88,False,8.0,0.0187
330,5,18.74,22.9,60.4,3,R32,0.45,14.82,16.47,False,22.96,False,8.0,0.0562
331,22,21.07,23.4,61.4,3,R32,0.45,15.55,16.97,False,25.29,False,8.0,0.0562
331,23,20.98,23.9,46.1,3,R32,0.45,11.6,17.47,False,25.2,False,8.0,0.0562
331,0,18.71,25.4,63.8,2,R32,0.3,18.04,21.11,False,21.52,False,8.0,0.0375
331,1,17.87,22.4,47.1,2,R32,0.3,10.56,18.11,False,20.68,False,8.0,0.0375
331,2,17.62,25.5,46.9,2,R32,0.3,13.32,21.21,False,20.43,False,8.0,0.0375
331,3,17.21,21.5,36.8,2,R32,0.3,6.11,17.21,False,20.02,False,8.0,0.0375
331,4,17.08,24.5,47.7,4,R32,0.6,12.67,15.93,False,22.7,False,8.0,0.075
331,5,18.24,23.5,54.5,2,R32,0.3,13.79,19.21,False,21.05,False,8.0,0.0375
332,22,22.1,25.4,46.8,3,R32,0.45,13.2,18.97,False,26.32,False,8.0,0.0562
332,23,20.68,21.6,66.1,1,R32,0.15,15.0,19.46,False,22.08,False,8.0,0.0187
332,0,18.47,23.2,67.2,2,R32,0.3,16.78,18.91,False,21.28,False,8.0,0.0375
332,1,18.29,22.7,82.7,1,R32,0.15,19.6,20.56,False,19.7,False,8.0,0.0187
332,2,16.35,23.2,52.4,4,R32,0.6,12.91,14.63,False,21.98,False,8.0,0.075
332,3,17.11,23.8,66.7,1,R32,0.15,17.23,21.66,False,18.52,False,8.0,0.0187
332,4,18.15,22.7,71.1,1,R32,0.15,17.19,20.56,False,19.55,False,8.0,0.0187
332,5,17.98,24.3,45.5,1,R32,0.15,11.77,22.16,False,19.38,False,8.0,0.0187
333,22,21.55,24.0,49.8,1,R32,0.15,12.87,21.86,False,22.95,False,8.0,0.0187
333,23,20.96,25.6,64.9,1,R32,0.15,18.5,23.46,False,22.36,False,8.0,0.0187
333,0,18.45,22.8,57.1,2,R32,0.3,13.86,18.51,False,21.26,False,8.0,0.0375
333,1,18.51,23.2,59.4,4,R32,0.6,14.85,14.63,False,24.13,False,8.0,0.075
333,2,18.45,23.0,57.6,3,R32,0.45,14.18,16.57,False,22.67,False,8.0,0.0562
333,3,17.99,22.5,46.9,3,R32,0.45,10.59,16.07,False,22.21,False,8.0,0.0562
333,4,17.51,20.0,51.6,1,R32,0.15,9.72,17.86,False,18.91,False,8.0,0.0187
333,5,18.45,22.2,64.2,3,R32,0.45,15.11,15.77,False,22.67,False,8.0,0.0562
334,22,21.59,22.5,34.1,2,R32,0.3,5.89,18.21,False,24.41,False,8.0,0.0375
334,23,20.02,21.3,57.3,3,R32,0.45,12.51,14.87,False,24.24,False,8.0,0.0562
334,0,19.52,22.0,70.0,1,R32,0.15,16.27,19.86,False,20.93,False,8.0,0.0187
334,1,17.89,21.3,65.5,2,R32,0.3,14.57,17.01,False,20.7,False,8.0,0.0375
334,2,18.37,22.4,44.2,1,R32,0.15,9.61,20.26,False,19.78,False,8.0,0.0187
334,3,18.27,21.5,57.3,4,R32,0.6,12.7,12.93,False,23.9,False,8.0,0.075
334,4,18.75,20.0,40.6,3,R32,0.45,6.2,13.57,False,22.97,False,8.0,0.0562
334,5,18.77,21.3,64.7,2,R32,0.3,14.38,17.01,False,21.58,False,8.0,0.0375
335,22,21.69,25.4,53.3,2,R32,0.3,15.21,21.11,False,24.5,False,8.0,0.0375
335,23,20.73,22.4,58.8,1,R32,0.15,13.94,20.26,False,22.14,False,8.0,0.0187
335,0,19.12,23.1,36.8,4,R32,0.6,7.53,14.53,False,24.75,False,8.0,0.075
335,1,18.32,23.2,30.6,3,R32,0.45,4.94,16.77,False,22.54,False,8.0,0.0562
335,2,18.95,23.2,39.8,3,R32,0.45,8.77,16.77,False,23.17,False,8.0,0.0562
335,3,17.31,21.2,35.1,2,R32,0.3,5.16,16.91,False,20.12,False,8.0,0.0375
335,4,17.37,25.2,60.2,1,R32,0.15,16.93,23.06,False,18.78,False,8.0,0.0187
335,5,18.27,25.4,46.1,4,R32,0.6,12.97,16.83,False,23.9,False,8.0,0.075
336,22,22.8,23.6,77.2,4,R32,0.6,19.37,15.03,False,28.42,False,8.0,0.075
336,23,20.99,22.1,69.2,3,R32,0.45,16.19,15.67,False,25.21,False,8.0,0.0562
336,0,21.18,23.3,65.0,4,R32,0.6,16.35,14.73,False,26.81,False,8.0,0.075
336,1,19.15,20.2,50.7,1,R32,0.15,9.65,18.06,False,20.56,False,8.0,0.0187
336,2,18.75,23.0,62.3,4,R32,0.6,15.4,14.43,False,24.37,False,8.0,0.075
336,3,18.21,24.2,60.9,4,R32,0.6,16.18,15.63,False,23.83,False,8.0,0.075
336,4,18.92,25.4,68.2,1,R32,0.15,19.11,23.26,False,20.32,False,8.0,0.0187
336,5,18.96,20.0,53.7,1,R32,0.15,10.32,17.86,False,20.36,False,8.0,0.0187
337,22,21.08,22.2,52.7,4,R32,0.6,12.08,13.63,False,26.71,False,8.0,0.075
337,23,21.42,22.5,45.7,1,R32,0.15,10.2,20.36,False,22.83,False,8.0,0.0187
337,0,19.19,23.0,45.1,3,R32,0.45,10.46,16.57,False,23.41,False,8.0,0.0562
337,1,19.52,21.8,71.6,4,R32,0.6,16.44,13.23,False,25.15,False,8.0,0.075
337,2,18.15,23.6,62.9,4,R32,0.6,16.12,15.03,False,23.78,False,8.0,0.075
337,3,18.43,22.9,31.7,2,R32,0.3,5.19,18.61,False,21.24,False,8.0,0.0375
337,4,18.73,22.6,65.7,3,R32,0.45,15.85,16.17,False,22.95,False,8.0,0.0562
337,5,19.78,21.9,40.8,1,R32,0.15,7.97,19.76,False,21.19,False,8.0,0.0187
338,22,22.52,24.6,66.3,4,R32,0.6,17.9,16.03,False,28.15,False,8.0,0.075
338,23,20.88,25.1,53.9,4,R32,0.6,15.11,16.53,False,26.5,False,8.0,0.075
338,0,19.92,25.2,51.1,3,R32,0.45,14.37,18.77,False,24.14,False,8.0,0.0562
338,1,18.83,22.5,53.2,3,R32,0.45,12.5,16.07,False,23.05,False,8.0,0.0562
338,2,19.34,22.2,42.7,3,R32,0.45,8.92,15.77,False,23.56,False,8.0,0.0562
338,3,18.14,23.3,58.0,2,R32,0.3,14.57,19.01,False,20.95,False,8.0,0.0375
338,4,18.19,24.6,56.9,3,R32,0.45,15.49,18.17,False,22.4,False,8.0,0.0562
338,5,18.41,25.1,77.9,2,R32,0.3,20.97,20.81,False,21.23,False,8.0,0.0375
339,22,22.19,25.4,43.7,2,R32,0.3,12.15,21.11,False,25.0,False,8.0,0.0375
339,23,19.95,22.4,52.5,4,R32,0.6,12.2,13.83,False,25.58,False,8.0,0.075
339,0,19.8,24.1,72.5,2,R32,0.3,18.84,19.81,False,22.61,False,8.0,0.0375
339,1,18.29,23.9,60.8,1,R32,0.15,15.87,21.76,False,19.7,False,8.0,0.0187
339,2,19.71,22.3,49.1,3,R32,0.45,11.1,15.87,False,23.93,False,8.0,0.0562
339,3,18.37,26.0,58.5,2,R32,0.3,17.23,21.71,False,21.18,False,8.0,0.0375
339,4,18.41,24.7,46.1,2,R32,0.3,12.33,20.41,False,21.22,False,8.0,0.0375
339,5,19.29,22.4,73.1,1,R32,0.15,17.34,20.26,False,20.7,False,8.0,0.0187
340,22,21.5,21.6,69.6,1,R32,0.15,15.8,19.46,False,22.9,False,8.0,0.0187
340,23,21.48,22.9,53.1,4,R32,0.6,12.84,14.33,False,27.11,False,8.0,0.075
340,0,20.43,24.4,50.1,1,R32,0.15,13.33,22.26,False,21.84,False,8.0,0.0187
340,1,19.0,20.8,33.6,2,R32,0.3,4.18,16.51,False,21.82,False,8.0,0.0375
340,2,19.4,20.7,37.1,2,R32,0.3,5.52,16.41,False,22.21,False,8.0,0.0375
340,3,18.77,22.7,57.6,2,R32,0.3,13.9,18.41,False,21.58,False,8.0,0.0375
340,4,18.42,22.9,44.3,4,R32,0.6,10.1,14.33,False,24.04,False,8.0,0.075
340,5,20.05,21.9,61.5,1,R32,0.15,14.16,19.76,False,21.46,False,8.0,0.0187
341,22,21.99,21.2,64.4,3,R32,0.6636,14.21,11.72,False,28.21,False,8.0,0.0829
341,23,21.25,23.1,60.6,3,R32,0.45,15.06,16.67,False,25.47,False,8.0,0.0562
341,0,19.67,23.0,43.7,2,R32,0.3,9.98,18.71,False,22.48,False,8.0,0.0375
341,1,19.21,25.1,34.5,4,R32,0.6,8.34,16.53,False,24.84,False,8.0,0.075
341,2,19.76,20.5,45.3,1,R32,0.15,8.25,18.36,False,21.16,False,8.0,0.0187
341,3,19.79,24.3,39.6,2,R32,0.3,9.68,20.01,False,22.61,False,8.0,0.0375
341,4,18.32,24.3,46.2,1,R32,0.15,12.0,22.16,False,19.73,False,8.0,0.0187
341,5,19.24,23.7,49.3,3,R32,0.45,12.44,17.27,False,23.46,False,8.0,0.0562
342,22,22.06,24.0,52.0,1,R32,0.15,13.53,21.86,False,23.47,False,8.0,0.0187
342,23,20.26,22.1,65.1,4,R32,0.6,15.23,13.53,False,25.88,False,8.0,0.075
342,0,21.19,24.4,42.9,3,R32,0.45,10.97,17.97,False,25.41,False,8.0,0.0562
342,1,18.88,20.5,64.7,4,R32,0.6,13.62,11.93,False,24.5,False,8.0,0.075
342,2,18.83,23.6,49.4,4,R32,0.6,12.38,15.03,False,24.46,False,8.0,0.075
342,3,18.73,22.9,49.0,1,R32,0.15,11.62,20.76,False,20.14,False,8.0,0.0187
342,4,18.8,21.0,71.6,3,R32,0.45,15.67,14.57,False,23.02,False,8.0,0.0562
342,5,19.61,21.8,55.4,3,R32,0.45,12.47,15.37,False,23.82,False,8.0,0.0562
343,22,21.81,23.6,78.4,1,R32,0.15,19.62,21.46,False,23.21,False,8.0,0.0187
343,23,20.95,23.9,58.8,4,R32,0.6,15.34,15.33,False,26.57,False,8.0,0.075
343,0,20.34,22.4,46.1,4,R32,0.6,10.24,13.83,False,25.96,False,8.0,0.075
343,1,19.48,22.4,41.9,3,R32,0.45,8.82,15.97,False,23.7,False,8.0,0.0562
343,2,19.53,20.3,66.9,1,R32,0.15,13.95,18.16,False,20.94,False,8.0,0.0187
343,3,19.6,23.4,49.6,4,R32,0.6,12.26,14.83,False,25.23,False,8.0,0.075
343,4,18.22,25.8,68.2,1,R32,0.15,19.49,23.66,False,19.62,False,8.0,0.0187
343,5,20.01,24.8,65.5,3,R32,0.45,17.89,18.37,False,24.22,False,8.0,0.0562
344,22,23.52,22.9,53.4,2,R32,0.4683,12.92,16.21,False,27.91,False,8.0,0.0585
344,23,20.75,21.5,43.4,2,R32,0.3,8.52,17.21,False,23.56,False,8.0,0.0375
344,0,20.84,22.1,49.2,2,R32,0.3,10.94,17.81,False,23.65,False,8.0,0.0375
344,1,19.46,22.0,41.0,3,R32,0.45,8.14,15.57,False,23.68,False,8.0,0.0562
344,2,18.86,24.6,57.7,4,R32,0.6,15.7,16.03,False,24.49,False,8.0,0.075
344,3,19.53,22.5,58.1,4,R32,0.6,13.85,13.93,False,25.16,False,8.0,0.075
344,4,19.31,22.1,62.4,2,R32,0.3,14.58,17.81,False,22.12,False,8.0,0.0375
344,5,20.25,23.7,63.4,3,R32,0.45,16.34,17.27,False,24.47,False,8.0,0.0562
345,22,23.84,23.7,55.4,2,R32,0.3388,14.23,18.86,False,27.02,False,8.0,0.0424
345,23,21.7,24.4,24.3,3,R32,0.45,2.68,17.97,False,25.92,False,8.0,0.0562
345,0,20.42,24.4,59.6,1,R32,0.15,16.02,22.26,False,21.83,False,8.0,0.0187
345,1,20.9,25.1,30.9,3,R32,0.45,6.73,18.67,False,25.12,False,8.0,0.0562
345,2,19.87,24.1,50.3,4,R32,0.6,13.12,15.53,False,25.49,False,8.0,0.075
345,3,19.49,24.0,65.6,1,R32,0.15,17.16,21.86,False,20.89,False,8.0,0.0187
345,4,18.48,21.5,68.5,4,R32,0.6,15.46,12.93,False,24.1,False,8.0,0.075
345,5,20.23,22.0,49.9,4,R32,0.6,11.06,13.43,False,25.85,False,8.0,0.075
346,22,22.23,22.9,47.9,1,R32,0.15,11.27,20.76,False,23.64,False,8.0,0.0187
346,23,22.13,22.9,61.7,2,R32,0.3,15.16,18.61,False,24.94,False,8.0,0.0375
346,0,21.88,21.6,29.6,4,R32,0.6756,3.08,11.95,False,28.21,False,8.0,0.0844
346,1,20.09,20.9,21.4,3,R32,0.45,-2.01,14.47,False,24.31,False,8.0,0.0562
346,2,19.17,23.5,45.5,3,R32,0.45,11.04,17.07,False,23.39,False,8.0,0.0562
346,3,20.48,21.7,64.0,4,R32,0.6,14.59,13.13,False,26.1,False,8.0,0.075
346,4,18.83,23.7,59.1,3,R32,0.45,15.24,17.27,False,23.05,False,8.0,0.0562
346,5,20.31,21.6,48.6,2,R32,0.3,10.3,17.31,False,23.13,False,8.0,0.0375
347,22,23.7,22.4,36.0,3,R32,0.7998,6.59,10.97,False,31.32,False,6.984,0.1145
347,23,21.94,24.1,62.0,4,R32,0.6,16.36,15.53,False,27.56,False,8.0,0.075
347,0,20.8,21.3,61.4,2,R32,0.3,13.57,17.01,False,23.62,False,8.0,0.0375
347,1,19.89,23.9,59.0,2,R32,0.3,15.4,19.61,False,22.7,False,8.0,0.0375
347,2,20.07,22.4,40.3,4,R32,0.6,8.24,13.83,False,25.69,False,8.0,0.075
347,3,19.02,22.3,66.0,2,R32,0.3,15.64,18.01,False,21.84,False,8.0,0.0375
347,4,19.74,23.9,49.4,4,R32,0.6,12.66,15.33,False,25.37,False,8.0,0.075
347,5,20.74,23.2,57.1,4,R32,0.6,14.23,14.63,False,26.36,False,8.0,0.075
348,22,23.92,21.8,51.6,3,R32,1.0212,11.39,7.21,False,34.06,False,5.222,0.1956
348,23,21.81,24.6,50.3,1,R32,0.15,13.58,22.46,False,23.22,False,8.0,0.0187
348,0,21.06,24.7,54.2,1,R32,0.15,14.82,22.56,False,22.47,False,8.0,0.0187
348,1,20.87,21.6,60.2,3,R32,0.45,13.55,15.17,False,25.09,False,8.0,0.0562
348,2,19.28,23.1,72.2,2,R32,0.3,17.82,18.81,False,22.09,False,8.0,0.0375
348,3,18.65,22.1,74.1,4,R32,0.6,17.27,13.53,False,24.27,False,8.0,0.075
348,4,20.09,22.8,68.3,3,R32,0.45,16.65,16.37,False,24.31,False,8.0,0.0562
348,5,19.57,24.7,66.4,2,R32,0.3,18.01,20.41,False,22.39,False,8.0,0.0375
349,22,24.0,23.1,67.5,1,R32,0.3927,16.75,17.49,False,27.68,False,8.0,0.0491
349,23,22.2,22.6,57.7,1,R32,0.15,13.84,20.46,False,23.61,False,8.0,0.0187
349,0,21.74,22.5,50.1,3,R32,0.45,11.58,16.07,False,25.96,False,8.0,0.0562
349,1,20.79,22.0,45.1,1,R32,0.15,9.55,19.86,False,22.19,False,8.0,0.0187
349,2,20.85,20.2,46.8,4,R32,0.7768,8.46,9.1,False,28.2,False,7.388,0.1051
349,3,19.77,22.9,51.6,2,R32,0.3,12.4,18.61,False,22.58,False,8.0,0.0375
349,4,20.01,20.1,69.4,3,R32,0.45,14.32,13.67,False,24.23,False,8.0,0.0562
349,5,20.04,24.4,46.7,2,R32,0.3,12.26,20.11,False,22.86,False,8.0,0.0375
350,22,22.82,23.4,37.1,4,R32,0.6,7.91,14.83,False,28.44,False,8.0,0.075
350,23,23.23,25.2,63.5,1,R32,0.15,17.78,23.06,False,24.64,False,8.0,0.0187
350,0,21.12,21.9,69.1,2,R32,0.3,15.98,17.61,False,23.93,False,8.0,0.0375
350,1,19.83,23.1,76.3,2,R32,0.3,18.7,18.81,False,22.64,False,8.0,0.0375
350,2,19.97,25.0,57.1,2,R32,0.3,15.91,20.71,False,22.78,False,8.0,0.0375
350,3,19.34,22.0,47.5,3,R32,0.45,10.32,15.57,False,23.56,False,8.0,0.0562
350,4,20.48,23.3,32.9,2,R32,0.3,6.07,19.01,False,23.29,False,8.0,0.0375
350,5,20.16,26.0,65.8,2,R32,0.3,19.1,21.71,False,22.97,False,8.0,0.0375
351,22,22.36,21.5,66.8,4,R32,0.8327,15.07,9.6,False,30.32,False,6.825,0.122
351,23,22.44,21.9,78.3,1,R32,0.296,17.95,17.67,False,25.22,False,8.0,0.037
351,0,21.83,25.2,48.8,2,R32,0.3,13.66,20.91,False,24.64,False,8.0,0.0375
351,1,20.85,23.8,48.4,4,R32,0.6,12.25,15.23,False,26.47,False,8.0,0.075
351,2,20.88,26.0,66.4,1,R32,0.15,19.25,23.86,False,22.29,False,8.0,0.0187
351,3,21.39,24.9,62.5,2,R32,0.3,17.24,20.61,False,24.21,False,8.0,0.0375
351,4,20.47,24.6,49.4,2,R32,0.3,13.3,20.31,False,23.28,False,8.0,0.0375
351,5,20.49,21.8,51.1,2,R32,0.3,11.24,17.51,False,23.3,False,8.0,0.0375
352,22,24.42,22.3,45.4,1,R32,0.7231,9.92,11.97,False,31.26,False,7.389,0.0979
352,23,23.34,23.9,58.7,2,R32,0.3,15.32,19.61,False,26.15,False,8.0,0.0375
352,0,21.66,21.8,62.0,3,R32,0.45,14.19,15.37,False,25.88,False,8.0,0.0562
352,1,21.26,22.4,63.4,1,R32,0.15,15.11,20.26,False,22.67,False,8.0,0.0187
352,2,20.61,23.1,61.7,2,R32,0.3,15.34,18.81,False,23.42,False,8.0,0.0375
352,3,20.09,25.6,75.9,4,R32,0.6,21.03,17.03,False,25.71,False,8.0,0.075
352,4,21.76,21.9,43.7,4,R32,0.6,8.99,13.33,False,27.39,False,8.0,0.075
352,5,20.33,23.7,69.7,1,R32,0.15,17.83,21.56,False,21.73,False,8.0,0.0187
353,22,24.35,23.2,43.2,1,R32,0.4597,9.99,16.63,False,28.66,False,8.0,0.0575
353,23,23.17,21.2,53.0,4,R32,1.1317,11.24,5.03,False,34.61,False,4.703,0.2406
353,0,21.56,20.7,41.4,3,R32,0.6815,7.11,10.96,False,27.95,False,8.0,0.0852
353,1,21.01,22.1,62.5,4,R32,0.6,14.6,13.53,False,26.63,False,8.0,0.075
353,2,19.88,22.5,72.6,3,R32,0.45,17.33,16.07,False,24.1,False,8.0,0.0562
353,3,19.51,24.1,47.5,4,R32,0.6,12.24,15.53,False,25.14,False,8.0,0.075
353,4,21.13,23.5,59.0,2,R32,0.3,15.02,19.21,False,23.95,False,8.0,0.0375
353,5,21.98,24.8,36.2,1,R32,0.15,8.79,22.66,False,23.39,False,8.0,0.0187
354,22,24.95,24.7,56.2,3,R32,0.5179,15.39,17.3,False,29.81,False,8.0,0.0647
354,23,22.72,23.3,71.1,1,R32,0.15,17.77,21.16,False,24.13,False,8.0,0.0187
354,0,22.03,24.5,46.3,3,R32,0.45,12.22,18.07,False,26.25,False,8.0,0.0562
354,1,21.08,23.3,62.7,3,R32,0.45,15.78,16.87,False,25.29,False,8.0,0.0562
354,2,18.98,23.7,37.9,1,R32,0.15,8.49,21.56,False,20.39,False,8.0,0.0187
354,3,20.79,22.9,69.4,1,R32,0.15,17.0,20.76,False,22.2,False,8.0,0.0187
354,4,19.96,24.7,50.4,4,R32,0.6,13.7,16.13,False,25.59,False,8.0,0.075
354,5,21.35,23.3,58.8,1,R32,0.15,14.78,21.16,False,22.75,False,8.0,0.0187
355,22,24.45,26.0,44.6,2,R32,0.3,13.01,21.71,False,27.26,False,8.0,0.0375
355,23,24.35,20.1,61.9,3,R32,1.5985,12.56,12.56,True,40.26,False,5.159,0.3099
355,0,22.99,22.9,29.8,1,R32,0.1749,4.3,20.4,False,24.63,False,8.0,0.0219
355,1,21.19,24.0,49.5,1,R32,0.15,12.78,21.86,False,22.59,False,8.0,0.0187
355,2,20.96,23.1,52.4,1,R32,0.15,12.82,20.96,False,22.36,False,8.0,0.0187
355,3,20.45,23.1,50.1,2,R32,0.3,12.14,18.81,False,23.27,False,8.0,0.0375
355,4,20.62,24.1,53.1,4,R32,0.6,13.95,15.53,False,26.25,False,8.0,0.075
355,5,21.17,24.0,69.3,1,R32,0.15,18.03,21.86,False,22.57,False,8.0,0.0187
356,22,24.59,25.3,60.0,2,R32,0.3,16.97,21.01,False,27.4,False,8.0,0.0375
356,23,24.05,23.8,56.0,3,R32,0.5171,14.49,16.41,False,28.9,False,8.0,0.0646
356,0,23.1,22.3,57.2,4,R32,0.8163,13.42,10.64,False,30.87,False,7.013,0.1164
356,1,21.27,23.9,68.9,2,R32,0.3,17.84,19.61,False,24.09,False,8.0,0.0375
356,2,21.05,23.6,42.7,1,R32,0.15,10.18,21.46,False,22.45,False,8.0,0.0187
356,3,19.8,23.7,69.1,4,R32,0.6,17.7,15.13,False,25.43,False,8.0,0.075
356,4,20.78,20.0,35.0,4,R32,0.8093,4.06,8.44,False,28.48,False,7.025,0.1152
356,5,21.04,25.0,60.7,2,R32,0.3,16.88,20.71,False,23.85,False,8.0,0.0375
357,22,23.48,20.7,54.8,3,R32,1.2,11.28,3.56,False,35.81,False,4.29,0.2797
357,23,23.58,20.0,53.1,4,R32,1.566,10.15,10.15,True,39.31,False,4.857,0.3224
357,0,22.7,22.8,33.9,3,R32,0.45,6.07,16.37,False,26.92,False,8.0,0.0562
357,1,22.18,23.4,54.8,3,R32,0.45,13.79,16.97,False,26.4,False,8.0,0.0562
357,2,21.42,23.0,61.5,4,R32,0.6,15.2,14.43,False,27.05,False,8.0,0.075
357,3,20.42,23.2,56.3,2,R32,0.3,14.02,18.91,False,23.23,False,8.0,0.0375
357,4,21.75,21.3,50.3,1,R32,0.2718,10.54,17.42,False,24.3,False,8.0,0.034
357,5,20.73,24.3,54.0,2,R32,0.3,14.39,20.01,False,23.55,False,8.0,0.0375
358,22,25.02,22.9,58.1,4,R32,1.1716,14.22,6.16,False,36.93,False,4.539,0.2581
358,23,22.9,22.8,51.7,3,R32,0.4767,12.34,15.99,False,27.37,False,8.0,0.0596
358,0,22.78,21.2,53.5,4,R32,1.0254,11.38,6.55,False,32.93,False,5.301,0.1934
358,1,21.92,22.5,69.2,2,R32,0.3,16.57,18.21,False,24.73,False,8.0,0.0375
358,2,20.93,23.6,39.7,3,R32,0.45,9.09,17.17,False,25.15,False,8.0,0.0562
358,3,21.73,23.3,48.3,3,R32,0.45,11.76,16.87,False,25.95,False,8.0,0.0562
358,4,21.54,21.4,49.8,2,R32,0.3386,10.48,16.56,False,24.72,False,8.0,0.0423
358,5,22.08,23.0,62.4,2,R32,0.3,15.43,18.71,False,24.9,False,8.0,0.0375
359,22,25.22,24.0,53.6,2,R32,0.6306,14.0,14.99,False,31.14,False,8.0,0.0788
359,23,22.98,20.6,49.8,4,R32,1.2429,9.75,2.84,False,35.81,False,4.186,0.2969
359,0,22.72,22.2,58.4,1,R32,0.2899,13.65,18.06,False,25.44,False,8.0,0.0362
359,1,21.67,25.2,49.7,3,R32,0.45,13.94,18.77,False,25.89,False,8.0,0.0562
359,2,21.27,22.2,38.0,4,R32,0.6,7.2,13.63,False,26.89,False,8.0,0.075
359,3,20.66,23.6,64.3,1,R32,0.15,16.46,21.46,False,22.07,False,8.0,0.0187
359,4,21.17,24.0,55.3,2,R32,0.3,14.48,19.71,False,23.98,False,8.0,0.0375
359,5,23.5,20.1,79.5,4,R32,1.5187,16.44,16.44,True,38.05,False,6.702,0.2266
360,22,24.84,25.4,59.8,1,R32,0.15,17.02,23.26,False,26.24,False,8.0,0.0187
360,23,23.91,22.1,59.6,4,R32,1.0892,13.87,6.54,False,34.82,False,4.944,0.2203
360,0,23.5,20.5,56.5,2,R32,1.1095,11.55,4.65,False,34.75,False,4.615,0.2404
360,1,21.26,26.0,82.6,3,R32,0.45,22.81,19.57,False,25.48,False,8.0,0.0562
360,2,20.54,22.1,64.9,4,R32,0.6,15.19,13.53,False,26.17,False,8.0,0.075
360,3,21.51,20.7,35.4,1,R32,0.3696,4.84,15.42,False,24.98,False,8.0,0.0462
360,4,22.34,23.6,57.0,1,R32,0.15,14.58,21.46,False,23.75,False,8.0,0.0187
360,5,21.95,23.3,60.9,4,R32,0.6,15.33,14.73,False,27.58,False,8.0,0.075
361,22,25.72,23.8,82.7,2,R32,0.8173,20.68,12.12,False,33.55,False,6.658,0.1228
361,23,23.34,23.6,66.0,3,R32,0.45,16.87,17.17,False,27.56,False,8.0,0.0562
361,0,21.96,23.6,54.7,4,R32,0.6,13.94,15.03,False,27.59,False,8.0,0.075
361,1,22.49,22.1,50.4,4,R32,0.7045,11.31,12.04,False,29.09,False,8.0,0.0881
361,2,21.54,23.3,56.4,3,R32,0.45,14.14,16.87,False,25.76,False,8.0,0.0562
361,3,21.45,21.3,26.7,4,R32,0.6407,1.37,12.15,False,27.46,False,8.0,0.0801
361,4,21.28,24.4,49.9,3,R32,0.45,13.27,17.97,False,25.49,False,8.0,0.0562
361,5,21.8,23.9,59.7,1,R32,0.15,15.58,21.76,False,23.2,False,8.0,0.0187
362,22,25.61,22.0,42.8,2,R32,1.2737,8.77,3.8,False,38.91,False,3.944,0.3229
362,23,23.6,21.0,41.1,4,R32,1.3015,7.27,2.41,False,37.18,False,3.962,0.3285
362,0,23.99,24.2,41.0,2,R32,0.3,10.11,19.91,False,26.8,False,8.0,0.0375
362,1,22.87,23.8,78.3,1,R32,0.15,19.79,21.66,False,24.27,False,8.0,0.0187
362,2,21.43,21.1,49.8,2,R32,0.3889,10.21,15.54,False,25.07,False,8.0,0.0486
362,3,21.44,20.7,37.3,2,R32,0.5008,5.59,13.55,False,26.14,False,8.0,0.0626
362,4,21.81,22.8,49.2,3,R32,0.45,11.59,16.37,False,26.02,False,8.0,0.0562
362,5,21.47,23.4,69.0,2,R32,0.3,17.39,19.11,False,24.28,False,8.0,0.0375
363,22,25.09,23.9,44.7,3,R32,0.771,11.14,12.89,False,32.39,False,7.332,0.1051
363,23,23.99,22.6,61.0,1,R32,0.5263,14.7,15.08,False,28.93,False,8.0,0.0658
363,0,24.12,23.4,59.8,3,R32,0.6451,15.14,14.18,False,30.17,False,8.0,0.0806
363,1,22.66,24.6,40.2,2,R32,0.3,10.17,20.31,False,25.47,False,8.0,0.0375
363,2,21.96,23.0,58.9,1,R32,0.15,14.53,20.86,False,23.37,False,8.0,0.0187
363,3,21.79,22.7,46.0,3,R32,0.45,10.48,16.27,False,26.01,False,8.0,0.0562
363,4,22.77,23.1,40.8,2,R32,0.3,9.05,18.81,False,25.58,False,8.0,0.0375
363,5,20.9,23.5,65.9,1,R32,0.15,16.75,21.36,False,22.3,False,8.0,0.0187
364,22,24.9,25.6,55.6,3,R32,0.45,16.06,19.17,False,29.12,False,8.0,0.0562
364,23,24.22,21.9,41.2,1,R32,0.7755,8.12,10.82,False,31.63,False,6.825,0.1136
364,0,23.05,23.2,44.8,1,R32,0.15,10.54,21.06,False,24.46,False,8.0,0.0187
364,1,22.26,23.2,38.5,1,R32,0.15,8.28,21.06,False,23.67,False,8.0,0.0187
364,2,21.81,22.7,53.4,2,R32,0.3,12.74,18.41,False,24.63,False,8.0,0.0375
364,3,21.4,20.8,65.8,2,R32,0.4607,14.17,14.22,False,25.71,False,8.0,0.0576
364,4,22.17,21.7,68.2,4,R32,0.7261,15.58,11.33,False,28.97,False,8.0,0.0908
364,5,23.36,22.2,74.0,1,R32,0.4634,17.34,15.58,False,27.7,False,8.0,0.0579
